Código;Descrição;CódigoMP;Descrição MP;QTD MP;Tipo;Coluna1;OBS
1400021;CONJ. MOVIMENTADOR TRINO 500 SPEED 220V 50-60HZ EX;813099;ENGRENAGEM INTERNA DE ZAMAC DO DESLIZANTE TRINO SPEED 300/500/SOFT 2 ENTRADAS;1;;2;
1400021;CONJ. MOVIMENTADOR TRINO 500 SPEED 220V 50-60HZ EX;813522;CHAVETA QUADRADA 8MMX33,4MM;1;;2;
1400041;CONJ. MOVIMENTADOR TRINO 300 SPEED 220V 50-60HZ EX;813099;ENGRENAGEM INTERNA DE ZAMAC DO DESLIZANTE TRINO SPEED 300/500/SOFT 2 ENTRADAS;1;;2;
1400041;CONJ. MOVIMENTADOR TRINO 300 SPEED 220V 50-60HZ EX;813522;CHAVETA QUADRADA 8MMX33,4MM;1;;2;
1400045;CONJ. MOVIMENTADOR TRINO 700 220V 50-60HZ EX;813100;ENGRENAGEM INTERNA DE ZAMAC DO DESLIZANTE TRINO 700/900 1 ENTRADA 300/500/SOFT;1;;2;
1400045;CONJ. MOVIMENTADOR TRINO 700 220V 50-60HZ EX;813522;CHAVETA QUADRADA 8MMX33,4MM;1;;2;
1400047;CONJ. MOVIMENTADOR TRINO 900 220V 50-60HZ EX;813100;ENGRENAGEM INTERNA DE ZAMAC DO DESLIZANTE TRINO 700/900 1 ENTRADA 300/500/SOFT;1;;2;
1400047;CONJ. MOVIMENTADOR TRINO 900 220V 50-60HZ EX;813522;CHAVETA QUADRADA 8MMX33,4MM;1;;2;
2001003;CONJ. MOVIMENTADOR TRINO 300 SPEED 127V 50-60HZ;813099;ENGRENAGEM INTERNA DE ZAMAC DO DESLIZANTE TRINO SPEED 300/500/SOFT 2 ENTRADAS;1;;2;
2001003;CONJ. MOVIMENTADOR TRINO 300 SPEED 127V 50-60HZ;813522;CHAVETA QUADRADA 8MMX33,4MM;1;;2;
2001004;CONJ. MOVIMENTADOR TRINO 300 SPEED 220V 50-60HZ;813099;ENGRENAGEM INTERNA DE ZAMAC DO DESLIZANTE TRINO SPEED 300/500/SOFT 2 ENTRADAS;1;;2;
2001004;CONJ. MOVIMENTADOR TRINO 300 SPEED 220V 50-60HZ;813522;CHAVETA QUADRADA 8MMX33,4MM;1;;2;
2001007;CONJ. MOVIMENTADOR TRINO 500 SPEED 127V 50-60HZ;813099;ENGRENAGEM INTERNA DE ZAMAC DO DESLIZANTE TRINO SPEED 300/500/SOFT 2 ENTRADAS;1;;2;
2001007;CONJ. MOVIMENTADOR TRINO 500 SPEED 127V 50-60HZ;813522;CHAVETA QUADRADA 8MMX33,4MM;1;;2;
2001008;CONJ. MOVIMENTADOR TRINO 500 SPEED 220V 50-60HZ;813099;ENGRENAGEM INTERNA DE ZAMAC DO DESLIZANTE TRINO SPEED 300/500/SOFT 2 ENTRADAS;1;;2;
2001008;CONJ. MOVIMENTADOR TRINO 500 SPEED 220V 50-60HZ;813522;CHAVETA QUADRADA 8MMX33,4MM;1;;2;
2001009;CONJ. MOVIMENTADOR TRINO 700 127V 50-60HZ;813100;ENGRENAGEM INTERNA DE ZAMAC DO DESLIZANTE TRINO 700/900 1 ENTRADA 300/500/SOFT;1;;2;
2001009;CONJ. MOVIMENTADOR TRINO 700 127V 50-60HZ;813522;CHAVETA QUADRADA 8MMX33,4MM;1;;2;
2001010;CONJ. MOVIMENTADOR TRINO 700 220V 50-60HZ;813100;ENGRENAGEM INTERNA DE ZAMAC DO DESLIZANTE TRINO 700/900 1 ENTRADA 300/500/SOFT;1;;2;
2001010;CONJ. MOVIMENTADOR TRINO 700 220V 50-60HZ;813522;CHAVETA QUADRADA 8MMX33,4MM;1;;2;
2001011;CONJ. MOVIMENTADOR TRINO 900 127V 50-60HZ;813100;ENGRENAGEM INTERNA DE ZAMAC DO DESLIZANTE TRINO 700/900 1 ENTRADA 300/500/SOFT;1;;2;
2001011;CONJ. MOVIMENTADOR TRINO 900 127V 50-60HZ;813522;CHAVETA QUADRADA 8MMX33,4MM;1;;2;
2001012;CONJ. MOVIMENTADOR TRINO 900 220V 50-60HZ;813100;ENGRENAGEM INTERNA DE ZAMAC DO DESLIZANTE TRINO 700/900 1 ENTRADA 300/500/SOFT;1;;2;
2001012;CONJ. MOVIMENTADOR TRINO 900 220V 50-60HZ;813522;CHAVETA QUADRADA 8MMX33,4MM;1;;2;
2001013;CONJ. MOVIMENTADOR TRINO SOFT 127V 50-60Hz;813099;ENGRENAGEM INTERNA DE ZAMAC DO DESLIZANTE TRINO SPEED 300/500/SOFT 2 ENTRADAS;1;;2;
2001013;CONJ. MOVIMENTADOR TRINO SOFT 127V 50-60Hz;813522;CHAVETA QUADRADA 8MMX33,4MM;1;;2;
2001014;CONJ. MOVIMENTADOR TRINO SOFT 220V 50-60Hz;813099;ENGRENAGEM INTERNA DE ZAMAC DO DESLIZANTE TRINO SPEED 300/500/SOFT 2 ENTRADAS;1;;2;
2001014;CONJ. MOVIMENTADOR TRINO SOFT 220V 50-60Hz;813522;CHAVETA QUADRADA 8MMX33,4MM;1;;2;
2001033;CONJ. MOVIMENTADOR TRINO 300 SPEED 127V 50-60HZ SEM CREMALHEIRA;813099;ENGRENAGEM INTERNA DE ZAMAC DO DESLIZANTE TRINO SPEED 300/500/SOFT 2 ENTRADAS;1;;2;
2001033;CONJ. MOVIMENTADOR TRINO 300 SPEED 127V 50-60HZ SEM CREMALHEIRA;813522;CHAVETA QUADRADA 8MMX33,4MM;1;;2;
2001034;CONJ. MOVIMENTADOR TRINO 300 SPEED 220V 50-60HZ SEM CREMALHEIRA;813099;ENGRENAGEM INTERNA DE ZAMAC DO DESLIZANTE TRINO SPEED 300/500/SOFT 2 ENTRADAS;1;;2;
2001034;CONJ. MOVIMENTADOR TRINO 300 SPEED 220V 50-60HZ SEM CREMALHEIRA;813522;CHAVETA QUADRADA 8MMX33,4MM;1;;2;
2001037;CONJ. MOVIMENTADOR TRINO 500 SPEED 127V 50-60HZ SEM CREMALHEIRA;813099;ENGRENAGEM INTERNA DE ZAMAC DO DESLIZANTE TRINO SPEED 300/500/SOFT 2 ENTRADAS;1;;2;
2001037;CONJ. MOVIMENTADOR TRINO 500 SPEED 127V 50-60HZ SEM CREMALHEIRA;813522;CHAVETA QUADRADA 8MMX33,4MM;1;;2;
2001038;CONJ. MOVIMENTADOR TRINO 500 SPEED 220V 50-60HZ SEM CREMALHEIRA;813099;ENGRENAGEM INTERNA DE ZAMAC DO DESLIZANTE TRINO SPEED 300/500/SOFT 2 ENTRADAS;1;;2;
2001038;CONJ. MOVIMENTADOR TRINO 500 SPEED 220V 50-60HZ SEM CREMALHEIRA;813522;CHAVETA QUADRADA 8MMX33,4MM;1;;2;
2001039;CONJ. MOVIMENTADOR TRINO 700 127V 50-60HZ SEM CREMALHEIRA;813100;ENGRENAGEM INTERNA DE ZAMAC DO DESLIZANTE TRINO 700/900 1 ENTRADA 300/500/SOFT;1;;2;
2001039;CONJ. MOVIMENTADOR TRINO 700 127V 50-60HZ SEM CREMALHEIRA;813522;CHAVETA QUADRADA 8MMX33,4MM;1;;2;
2001040;CONJ. MOVIMENTADOR TRINO 700 220V 50-60HZ SEM CREMALHEIRA;813100;ENGRENAGEM INTERNA DE ZAMAC DO DESLIZANTE TRINO 700/900 1 ENTRADA 300/500/SOFT;1;;2;
2001040;CONJ. MOVIMENTADOR TRINO 700 220V 50-60HZ SEM CREMALHEIRA;813522;CHAVETA QUADRADA 8MMX33,4MM;1;;2;
2001041;CONJ. MOVIMENTADOR TRINO 900 127V 50-60HZ SEM CREMALHEIRA;813100;ENGRENAGEM INTERNA DE ZAMAC DO DESLIZANTE TRINO 700/900 1 ENTRADA 300/500/SOFT;1;;2;
2001041;CONJ. MOVIMENTADOR TRINO 900 127V 50-60HZ SEM CREMALHEIRA;813522;CHAVETA QUADRADA 8MMX33,4MM;1;;2;
2001042;CONJ. MOVIMENTADOR TRINO 900 220V 50-60HZ SEM CREMALHEIRA;813100;ENGRENAGEM INTERNA DE ZAMAC DO DESLIZANTE TRINO 700/900 1 ENTRADA 300/500/SOFT;1;;2;
2001042;CONJ. MOVIMENTADOR TRINO 900 220V 50-60HZ SEM CREMALHEIRA;813522;CHAVETA QUADRADA 8MMX33,4MM;1;;2;
2001047;CONJ. MOVIMENTADOR TRINO 300 SPEED 127V 50-60HZ COM  B. ALUMINIUM EX;813099;ENGRENAGEM INTERNA DE ZAMAC DO DESLIZANTE TRINO SPEED 300/500/SOFT 2 ENTRADAS;1;;2;
2001047;CONJ. MOVIMENTADOR TRINO 300 SPEED 127V 50-60HZ COM  B. ALUMINIUM EX;813522;CHAVETA QUADRADA 8MMX33,4MM;1;;2;
2001050;CONJ. MOVIMENTADOR TRINO 500 SPEED 127V 50-60HZ COM  B. ALUMINIUM EX;813099;ENGRENAGEM INTERNA DE ZAMAC DO DESLIZANTE TRINO SPEED 300/500/SOFT 2 ENTRADAS;1;;2;
2001050;CONJ. MOVIMENTADOR TRINO 500 SPEED 127V 50-60HZ COM  B. ALUMINIUM EX;813522;CHAVETA QUADRADA 8MMX33,4MM;1;;2;
2001052;CONJ. MOVIMENTADOR TRINO 700 127V 50-60HZ COM  B. ALUMINIUM EX;813100;ENGRENAGEM INTERNA DE ZAMAC DO DESLIZANTE TRINO 700/900 1 ENTRADA 300/500/SOFT;1;;2;
2001052;CONJ. MOVIMENTADOR TRINO 700 127V 50-60HZ COM  B. ALUMINIUM EX;813522;CHAVETA QUADRADA 8MMX33,4MM;1;;2;
2001053;CONJ. MOVIMENTADOR TRINO 900 127V 50-60HZ COM B. ALUMINIUM EX;813100;ENGRENAGEM INTERNA DE ZAMAC DO DESLIZANTE TRINO 700/900 1 ENTRADA 300/500/SOFT;1;;2;
2001053;CONJ. MOVIMENTADOR TRINO 900 127V 50-60HZ COM B. ALUMINIUM EX;813522;CHAVETA QUADRADA 8MMX33,4MM;1;;2;
2001071;CONJ. MOVIMENTADOR TRINO 300 SPEED 127V 50-60HZ EX;813099;ENGRENAGEM INTERNA DE ZAMAC DO DESLIZANTE TRINO SPEED 300/500/SOFT 2 ENTRADAS;1;;2;
2001071;CONJ. MOVIMENTADOR TRINO 300 SPEED 127V 50-60HZ EX;813522;CHAVETA QUADRADA 8MMX33,4MM;1;;2;
2001072;CONJ. MOVIMENTADOR TRINO 300 SPEED 220V 50-60HZ EX;813099;ENGRENAGEM INTERNA DE ZAMAC DO DESLIZANTE TRINO SPEED 300/500/SOFT 2 ENTRADAS;1;;2;
2001072;CONJ. MOVIMENTADOR TRINO 300 SPEED 220V 50-60HZ EX;813522;CHAVETA QUADRADA 8MMX33,4MM;1;;2;
2001075;CONJ. MOVIMENTADOR TRINO 500 SPEED 127V 50-60HZ EX;813099;ENGRENAGEM INTERNA DE ZAMAC DO DESLIZANTE TRINO SPEED 300/500/SOFT 2 ENTRADAS;1;;2;
2001075;CONJ. MOVIMENTADOR TRINO 500 SPEED 127V 50-60HZ EX;813522;CHAVETA QUADRADA 8MMX33,4MM;1;;2;
2001076;CONJ. MOVIMENTADOR TRINO 500 SPEED 220V 50-60HZ EX;813099;ENGRENAGEM INTERNA DE ZAMAC DO DESLIZANTE TRINO SPEED 300/500/SOFT 2 ENTRADAS;1;;2;
2001076;CONJ. MOVIMENTADOR TRINO 500 SPEED 220V 50-60HZ EX;813522;CHAVETA QUADRADA 8MMX33,4MM;1;;2;
2001077;CONJ. MOVIMENTADOR TRINO 700 127V 50-60HZ EX;813100;ENGRENAGEM INTERNA DE ZAMAC DO DESLIZANTE TRINO 700/900 1 ENTRADA 300/500/SOFT;1;;2;
2001077;CONJ. MOVIMENTADOR TRINO 700 127V 50-60HZ EX;813522;CHAVETA QUADRADA 8MMX33,4MM;1;;2;
2001078;CONJ. MOVIMENTADOR TRINO 700 220V 50-60HZ EX;813100;ENGRENAGEM INTERNA DE ZAMAC DO DESLIZANTE TRINO 700/900 1 ENTRADA 300/500/SOFT;1;;2;
2001078;CONJ. MOVIMENTADOR TRINO 700 220V 50-60HZ EX;813522;CHAVETA QUADRADA 8MMX33,4MM;1;;2;
2001079;CONJ. MOVIMENTADOR TRINO 900 127V 50-60HZ EX;813100;ENGRENAGEM INTERNA DE ZAMAC DO DESLIZANTE TRINO 700/900 1 ENTRADA 300/500/SOFT;1;;2;
2001079;CONJ. MOVIMENTADOR TRINO 900 127V 50-60HZ EX;813522;CHAVETA QUADRADA 8MMX33,4MM;1;;2;
2001080;CONJ. MOVIMENTADOR TRINO 900 220V 50-60HZ EX;813100;ENGRENAGEM INTERNA DE ZAMAC DO DESLIZANTE TRINO 700/900 1 ENTRADA 300/500/SOFT;1;;2;
2001080;CONJ. MOVIMENTADOR TRINO 900 220V 50-60HZ EX;813522;CHAVETA QUADRADA 8MMX33,4MM;1;;2;
2001085;CONJ. MOVIMENTADOR TRINO 300 SPEED 127V 50-60HZ SEM CREMALHEIRA EX;813099;ENGRENAGEM INTERNA DE ZAMAC DO DESLIZANTE TRINO SPEED 300/500/SOFT 2 ENTRADAS;1;;2;
2001085;CONJ. MOVIMENTADOR TRINO 300 SPEED 127V 50-60HZ SEM CREMALHEIRA EX;813522;CHAVETA QUADRADA 8MMX33,4MM;1;;2;
2001086;CONJ. MOVIMENTADOR TRINO 300 SPEED 220V 50-60HZ SEM CREMALHEIRA EX;813099;ENGRENAGEM INTERNA DE ZAMAC DO DESLIZANTE TRINO SPEED 300/500/SOFT 2 ENTRADAS;1;;2;
2001086;CONJ. MOVIMENTADOR TRINO 300 SPEED 220V 50-60HZ SEM CREMALHEIRA EX;813522;CHAVETA QUADRADA 8MMX33,4MM;1;;2;
2001089;CONJ. MOVIMENTADOR TRINO 500 SPEED 127V 50-60HZ SEM CREMALHEIRA EX;813099;ENGRENAGEM INTERNA DE ZAMAC DO DESLIZANTE TRINO SPEED 300/500/SOFT 2 ENTRADAS;1;;2;
2001089;CONJ. MOVIMENTADOR TRINO 500 SPEED 127V 50-60HZ SEM CREMALHEIRA EX;813522;CHAVETA QUADRADA 8MMX33,4MM;1;;2;
2001090;CONJ. MOVIMENTADOR TRINO 500 SPEED 220V 50-60HZ SEM CREMALHEIRA EX;813099;ENGRENAGEM INTERNA DE ZAMAC DO DESLIZANTE TRINO SPEED 300/500/SOFT 2 ENTRADAS;1;;2;
2001090;CONJ. MOVIMENTADOR TRINO 500 SPEED 220V 50-60HZ SEM CREMALHEIRA EX;813522;CHAVETA QUADRADA 8MMX33,4MM;1;;2;
2001091;CONJ. MOVIMENTADOR TRINO 700 127V 50-60HZ SEM CREMALHEIRA EX;813100;ENGRENAGEM INTERNA DE ZAMAC DO DESLIZANTE TRINO 700/900 1 ENTRADA 300/500/SOFT;1;;2;
2001091;CONJ. MOVIMENTADOR TRINO 700 127V 50-60HZ SEM CREMALHEIRA EX;813522;CHAVETA QUADRADA 8MMX33,4MM;1;;2;
2001092;CONJ. MOVIMENTADOR TRINO 700 220V 50-60HZ SEM CREMALHEIRA EX;813100;ENGRENAGEM INTERNA DE ZAMAC DO DESLIZANTE TRINO 700/900 1 ENTRADA 300/500/SOFT;1;;2;
2001092;CONJ. MOVIMENTADOR TRINO 700 220V 50-60HZ SEM CREMALHEIRA EX;813522;CHAVETA QUADRADA 8MMX33,4MM;1;;2;
2001093;CONJ. MOVIMENTADOR TRINO 900 127V 50-60HZ SEM CREMALHEIRA EX;813100;ENGRENAGEM INTERNA DE ZAMAC DO DESLIZANTE TRINO 700/900 1 ENTRADA 300/500/SOFT;1;;2;
2001093;CONJ. MOVIMENTADOR TRINO 900 127V 50-60HZ SEM CREMALHEIRA EX;813522;CHAVETA QUADRADA 8MMX33,4MM;1;;2;
2001094;CONJ. MOVIMENTADOR TRINO 900 220V 50-60HZ SEM CREMALHEIRA EX;813100;ENGRENAGEM INTERNA DE ZAMAC DO DESLIZANTE TRINO 700/900 1 ENTRADA 300/500/SOFT;1;;2;
2001094;CONJ. MOVIMENTADOR TRINO 900 220V 50-60HZ SEM CREMALHEIRA EX;813522;CHAVETA QUADRADA 8MMX33,4MM;1;;2;
2001096;CONJ. MOVIMENTADOR TRINO 900 220V 50-60HZ PANTHER EX;813100;ENGRENAGEM INTERNA DE ZAMAC DO DESLIZANTE TRINO 700/900 1 ENTRADA 300/500/SOFT;1;;2;
2001096;CONJ. MOVIMENTADOR TRINO 900 220V 50-60HZ PANTHER EX;813522;CHAVETA QUADRADA 8MMX33,4MM;1;;2;
2001098;CONJ. MOVIMENTADOR TRINO 900 220V 50-60HZ COM B. ALUM. PANTHER EX;813100;ENGRENAGEM INTERNA DE ZAMAC DO DESLIZANTE TRINO 700/900 1 ENTRADA 300/500/SOFT;1;;2;
2001098;CONJ. MOVIMENTADOR TRINO 900 220V 50-60HZ COM B. ALUM. PANTHER EX;813522;CHAVETA QUADRADA 8MMX33,4MM;1;;2;
2001160;CONJ. MOVIMENTADOR TRINO SOFT 220V 50-60Hz SEM CREMALHEIRA;813099;ENGRENAGEM INTERNA DE ZAMAC DO DESLIZANTE TRINO SPEED 300/500/SOFT 2 ENTRADAS;1;;2;
2001160;CONJ. MOVIMENTADOR TRINO SOFT 220V 50-60Hz SEM CREMALHEIRA;813522;CHAVETA QUADRADA 8MMX33,4MM;1;;2;
2001166;CONJ. MOVIMENTADOR TRINO 300 SPEED 127V 50-60HZ COM  B. ALUMINIUM;813099;ENGRENAGEM INTERNA DE ZAMAC DO DESLIZANTE TRINO SPEED 300/500/SOFT 2 ENTRADAS;1;;2;
2001166;CONJ. MOVIMENTADOR TRINO 300 SPEED 127V 50-60HZ COM  B. ALUMINIUM;813522;CHAVETA QUADRADA 8MMX33,4MM;1;;2;
2001167;CONJ. MOVIMENTADOR TRINO 300 SPEED 220V 50-60HZ COM  B. ALUMINIUM;813099;ENGRENAGEM INTERNA DE ZAMAC DO DESLIZANTE TRINO SPEED 300/500/SOFT 2 ENTRADAS;1;;2;
2001167;CONJ. MOVIMENTADOR TRINO 300 SPEED 220V 50-60HZ COM  B. ALUMINIUM;813522;CHAVETA QUADRADA 8MMX33,4MM;1;;2;
2001170;CONJ. MOVIMENTADOR TRINO 500 SPEED 127V 50-60HZ COM  B. ALUMINIUM;813099;ENGRENAGEM INTERNA DE ZAMAC DO DESLIZANTE TRINO SPEED 300/500/SOFT 2 ENTRADAS;1;;2;
2001170;CONJ. MOVIMENTADOR TRINO 500 SPEED 127V 50-60HZ COM  B. ALUMINIUM;813522;CHAVETA QUADRADA 8MMX33,4MM;1;;2;
2001171;CONJ. MOVIMENTADOR TRINO 500 SPEED 220V 50-60HZ COM  B. ALUMINIUM;813099;ENGRENAGEM INTERNA DE ZAMAC DO DESLIZANTE TRINO SPEED 300/500/SOFT 2 ENTRADAS;1;;2;
2001171;CONJ. MOVIMENTADOR TRINO 500 SPEED 220V 50-60HZ COM  B. ALUMINIUM;813522;CHAVETA QUADRADA 8MMX33,4MM;1;;2;
2001172;CONJ. MOVIMENTADOR TRINO 700 127V 50-60HZ COM  B. ALUMINIUM;813100;ENGRENAGEM INTERNA DE ZAMAC DO DESLIZANTE TRINO 700/900 1 ENTRADA 300/500/SOFT;1;;2;
2001172;CONJ. MOVIMENTADOR TRINO 700 127V 50-60HZ COM  B. ALUMINIUM;813522;CHAVETA QUADRADA 8MMX33,4MM;1;;2;
2001173;CONJ. MOVIMENTADOR TRINO 700 220V 50-60HZ COM  B. ALUMINIUM;813100;ENGRENAGEM INTERNA DE ZAMAC DO DESLIZANTE TRINO 700/900 1 ENTRADA 300/500/SOFT;1;;2;
2001173;CONJ. MOVIMENTADOR TRINO 700 220V 50-60HZ COM  B. ALUMINIUM;813522;CHAVETA QUADRADA 8MMX33,4MM;1;;2;
2001174;CONJ. MOVIMENTADOR TRINO 900 127V 50-60HZ COM B. ALUMINIUM;813100;ENGRENAGEM INTERNA DE ZAMAC DO DESLIZANTE TRINO 700/900 1 ENTRADA 300/500/SOFT;1;;2;
2001174;CONJ. MOVIMENTADOR TRINO 900 127V 50-60HZ COM B. ALUMINIUM;813522;CHAVETA QUADRADA 8MMX33,4MM;1;;2;
2001175;CONJ. MOVIMENTADOR TRINO 900 220V 50-60HZ COM  B. ALUMINIUM;813100;ENGRENAGEM INTERNA DE ZAMAC DO DESLIZANTE TRINO 700/900 1 ENTRADA 300/500/SOFT;1;;2;
2001175;CONJ. MOVIMENTADOR TRINO 900 220V 50-60HZ COM  B. ALUMINIUM;813522;CHAVETA QUADRADA 8MMX33,4MM;1;;2;
2001177;CONJ. MOVIMENTADOR TRINO SOFT 220V 50-60Hz COM  B. ALUMINIUM;813099;ENGRENAGEM INTERNA DE ZAMAC DO DESLIZANTE TRINO SPEED 300/500/SOFT 2 ENTRADAS;1;;2;
2001177;CONJ. MOVIMENTADOR TRINO SOFT 220V 50-60Hz COM  B. ALUMINIUM;813522;CHAVETA QUADRADA 8MMX33,4MM;1;;2;
2001180;CONJ. MOVIMENTADOR TRINO 300 SPEED 127V 50-60HZ SEM CREMALHEIRA COM  B. ALUMINIUM;813099;ENGRENAGEM INTERNA DE ZAMAC DO DESLIZANTE TRINO SPEED 300/500/SOFT 2 ENTRADAS;1;;2;
2001180;CONJ. MOVIMENTADOR TRINO 300 SPEED 127V 50-60HZ SEM CREMALHEIRA COM  B. ALUMINIUM;813522;CHAVETA QUADRADA 8MMX33,4MM;1;;2;
2001181;CONJ. MOVIMENTADOR TRINO 300 SPEED 220V 50-60HZ SEM CREMALHEIRA COM  B. ALUMINIUM;813099;ENGRENAGEM INTERNA DE ZAMAC DO DESLIZANTE TRINO SPEED 300/500/SOFT 2 ENTRADAS;1;;2;
2001181;CONJ. MOVIMENTADOR TRINO 300 SPEED 220V 50-60HZ SEM CREMALHEIRA COM  B. ALUMINIUM;813522;CHAVETA QUADRADA 8MMX33,4MM;1;;2;
2001184;CONJ. MOVIMENTADOR TRINO 500 SPEED 127V 50-60HZ SEM CREMALHEIRA COM  B. ALUMINIUM;813099;ENGRENAGEM INTERNA DE ZAMAC DO DESLIZANTE TRINO SPEED 300/500/SOFT 2 ENTRADAS;1;;2;
2001184;CONJ. MOVIMENTADOR TRINO 500 SPEED 127V 50-60HZ SEM CREMALHEIRA COM  B. ALUMINIUM;813522;CHAVETA QUADRADA 8MMX33,4MM;1;;2;
2001185;CONJ. MOVIMENTADOR TRINO 500 SPEED 220V 50-60HZ SEM CREMALHEIRA COM  B. ALUMINIUM;813099;ENGRENAGEM INTERNA DE ZAMAC DO DESLIZANTE TRINO SPEED 300/500/SOFT 2 ENTRADAS;1;;2;
2001185;CONJ. MOVIMENTADOR TRINO 500 SPEED 220V 50-60HZ SEM CREMALHEIRA COM  B. ALUMINIUM;813522;CHAVETA QUADRADA 8MMX33,4MM;1;;2;
2001186;CONJ. MOVIMENTADOR TRINO 700 127V 50-60HZ SEM CREMALHEIRA COM  B. ALUMINIUM;813100;ENGRENAGEM INTERNA DE ZAMAC DO DESLIZANTE TRINO 700/900 1 ENTRADA 300/500/SOFT;1;;2;
2001186;CONJ. MOVIMENTADOR TRINO 700 127V 50-60HZ SEM CREMALHEIRA COM  B. ALUMINIUM;813522;CHAVETA QUADRADA 8MMX33,4MM;1;;2;
2001187;CONJ. MOVIMENTADOR TRINO 700 220V 50-60HZ SEM CREMALHEIRA COM  B. ALUMINIUM;813100;ENGRENAGEM INTERNA DE ZAMAC DO DESLIZANTE TRINO 700/900 1 ENTRADA 300/500/SOFT;1;;2;
2001187;CONJ. MOVIMENTADOR TRINO 700 220V 50-60HZ SEM CREMALHEIRA COM  B. ALUMINIUM;813522;CHAVETA QUADRADA 8MMX33,4MM;1;;2;
2001188;CONJ. MOVIMENTADOR TRINO 900 127V 50-60HZ SEM CREMALHEIRA COM  B. ALUMINIUM;813100;ENGRENAGEM INTERNA DE ZAMAC DO DESLIZANTE TRINO 700/900 1 ENTRADA 300/500/SOFT;1;;2;
2001188;CONJ. MOVIMENTADOR TRINO 900 127V 50-60HZ SEM CREMALHEIRA COM  B. ALUMINIUM;813522;CHAVETA QUADRADA 8MMX33,4MM;1;;2;
2001189;CONJ. MOVIMENTADOR TRINO 900 220V 50-60HZ SEM CREMALHEIRA COM  B. ALUMINIUM;813100;ENGRENAGEM INTERNA DE ZAMAC DO DESLIZANTE TRINO 700/900 1 ENTRADA 300/500/SOFT;1;;2;
2001189;CONJ. MOVIMENTADOR TRINO 900 220V 50-60HZ SEM CREMALHEIRA COM  B. ALUMINIUM;813522;CHAVETA QUADRADA 8MMX33,4MM;1;;2;
2001194;CONJ. MOVIMENTADOR TRINO 300 SPEED 127V 50-60HZ SEM CREMALHEIRA COM B. ALUMINIUM EX;813099;ENGRENAGEM INTERNA DE ZAMAC DO DESLIZANTE TRINO SPEED 300/500/SOFT 2 ENTRADAS;1;;2;
2001194;CONJ. MOVIMENTADOR TRINO 300 SPEED 127V 50-60HZ SEM CREMALHEIRA COM B. ALUMINIUM EX;813522;CHAVETA QUADRADA 8MMX33,4MM;1;;2;
2001195;CONJ. MOVIMENTADOR TRINO 300 SPEED 220V 50-60HZ SEM CREMALHEIRA COM B. ALUMINIUM EX;813099;ENGRENAGEM INTERNA DE ZAMAC DO DESLIZANTE TRINO SPEED 300/500/SOFT 2 ENTRADAS;1;;2;
2001195;CONJ. MOVIMENTADOR TRINO 300 SPEED 220V 50-60HZ SEM CREMALHEIRA COM B. ALUMINIUM EX;813522;CHAVETA QUADRADA 8MMX33,4MM;1;;2;
2001198;CONJ. MOVIMENTADOR TRINO 500 SPEED 127V 50-60HZ SEM CREMALHEIRA COM B. ALUMINIUM EX;813099;ENGRENAGEM INTERNA DE ZAMAC DO DESLIZANTE TRINO SPEED 300/500/SOFT 2 ENTRADAS;1;;2;
2001198;CONJ. MOVIMENTADOR TRINO 500 SPEED 127V 50-60HZ SEM CREMALHEIRA COM B. ALUMINIUM EX;813522;CHAVETA QUADRADA 8MMX33,4MM;1;;2;
2001199;CONJ. MOVIMENTADOR TRINO 500 SPEED 220V 50-60HZ SEM CREMALHEIRA COM B. ALUMINIUM EX;813099;ENGRENAGEM INTERNA DE ZAMAC DO DESLIZANTE TRINO SPEED 300/500/SOFT 2 ENTRADAS;1;;2;
2001199;CONJ. MOVIMENTADOR TRINO 500 SPEED 220V 50-60HZ SEM CREMALHEIRA COM B. ALUMINIUM EX;813522;CHAVETA QUADRADA 8MMX33,4MM;1;;2;
2001200;CONJ. MOVIMENTADOR TRINO 700 127V 50-60HZ SEM CREMALHEIRA COM B. ALUMINIUM EX;813100;ENGRENAGEM INTERNA DE ZAMAC DO DESLIZANTE TRINO 700/900 1 ENTRADA 300/500/SOFT;1;;2;
2001200;CONJ. MOVIMENTADOR TRINO 700 127V 50-60HZ SEM CREMALHEIRA COM B. ALUMINIUM EX;813522;CHAVETA QUADRADA 8MMX33,4MM;1;;2;
2001201;CONJ. MOVIMENTADOR TRINO 700 220V 50-60HZ SEM CREMALHEIRA COM B. ALUMINIUM EX;813100;ENGRENAGEM INTERNA DE ZAMAC DO DESLIZANTE TRINO 700/900 1 ENTRADA 300/500/SOFT;1;;2;
2001201;CONJ. MOVIMENTADOR TRINO 700 220V 50-60HZ SEM CREMALHEIRA COM B. ALUMINIUM EX;813522;CHAVETA QUADRADA 8MMX33,4MM;1;;2;
2001202;CONJ. MOVIMENTADOR TRINO 900 127V 50-60HZ SEM CREMALHEIRA COM B. ALUMINIUM EX;813100;ENGRENAGEM INTERNA DE ZAMAC DO DESLIZANTE TRINO 700/900 1 ENTRADA 300/500/SOFT;1;;2;
2001202;CONJ. MOVIMENTADOR TRINO 900 127V 50-60HZ SEM CREMALHEIRA COM B. ALUMINIUM EX;813522;CHAVETA QUADRADA 8MMX33,4MM;1;;2;
2001203;CONJ. MOVIMENTADOR TRINO 900 220V 50-60HZ SEM CREMALHEIRA COM B. ALUMINIUM EX;813100;ENGRENAGEM INTERNA DE ZAMAC DO DESLIZANTE TRINO 700/900 1 ENTRADA 300/500/SOFT;1;;2;
2001203;CONJ. MOVIMENTADOR TRINO 900 220V 50-60HZ SEM CREMALHEIRA COM B. ALUMINIUM EX;813522;CHAVETA QUADRADA 8MMX33,4MM;1;;2;
2001217;CONJ. MOVIMENTADOR TRINO 700 220V 50-60HZ GKOLL;813100;ENGRENAGEM INTERNA DE ZAMAC DO DESLIZANTE TRINO 700/900 1 ENTRADA 300/500/SOFT;1;;2;
2001217;CONJ. MOVIMENTADOR TRINO 700 220V 50-60HZ GKOLL;813522;CHAVETA QUADRADA 8MMX33,4MM;1;;2;
2001220;CONJ. MOVIMENTADOR TRINO 700 220V 50-60HZ COM  B. ALUMINIUM EX;813100;ENGRENAGEM INTERNA DE ZAMAC DO DESLIZANTE TRINO 700/900 1 ENTRADA 300/500/SOFT;1;;2;
2001220;CONJ. MOVIMENTADOR TRINO 700 220V 50-60HZ COM  B. ALUMINIUM EX;813522;CHAVETA QUADRADA 8MMX33,4MM;1;;2;
2001223;CONJ. MOVIMENTADOR TRINO 900 220V 50-60HZ COM  B. ALUMINIUM EX;813100;ENGRENAGEM INTERNA DE ZAMAC DO DESLIZANTE TRINO 700/900 1 ENTRADA 300/500/SOFT;1;;2;
2001223;CONJ. MOVIMENTADOR TRINO 900 220V 50-60HZ COM  B. ALUMINIUM EX;813522;CHAVETA QUADRADA 8MMX33,4MM;1;;2;
2001224;CONJ. MOVIMENTADOR TRINO 500 SPEED 220V 50-60HZ KRIPT;813099;ENGRENAGEM INTERNA DE ZAMAC DO DESLIZANTE TRINO SPEED 300/500/SOFT 2 ENTRADAS;1;;2;
2001224;CONJ. MOVIMENTADOR TRINO 500 SPEED 220V 50-60HZ KRIPT;813522;CHAVETA QUADRADA 8MMX33,4MM;1;;2;
2001225;CONJ. MOVIMENTADOR TRINO SOFT 220V 50-60Hz COM  B. ALUMINIUM BBS EX;813099;ENGRENAGEM INTERNA DE ZAMAC DO DESLIZANTE TRINO SPEED 300/500/SOFT 2 ENTRADAS;1;;2;
2001225;CONJ. MOVIMENTADOR TRINO SOFT 220V 50-60Hz COM  B. ALUMINIUM BBS EX;813522;CHAVETA QUADRADA 8MMX33,4MM;1;;2;
2001226;CONJ. MOVIMENTADOR TRINO 300 SPEED 220V 50-60HZ COM  B. ALUMINIUM EX;813099;ENGRENAGEM INTERNA DE ZAMAC DO DESLIZANTE TRINO SPEED 300/500/SOFT 2 ENTRADAS;1;;2;
2001226;CONJ. MOVIMENTADOR TRINO 300 SPEED 220V 50-60HZ COM  B. ALUMINIUM EX;813522;CHAVETA QUADRADA 8MMX33,4MM;1;;2;
2001230;CONJ. MOVIMENTADOR TRINO SOFT 220V 50-60Hz COM  B. ALUMINIUM EX;813099;ENGRENAGEM INTERNA DE ZAMAC DO DESLIZANTE TRINO SPEED 300/500/SOFT 2 ENTRADAS;1;;2;
2001230;CONJ. MOVIMENTADOR TRINO SOFT 220V 50-60Hz COM  B. ALUMINIUM EX;813522;CHAVETA QUADRADA 8MMX33,4MM;1;;2;
2001234;CONJ. MOVIMENTADOR TRINO 300 SPEED 127V 50-60HZ KRIPT;813099;ENGRENAGEM INTERNA DE ZAMAC DO DESLIZANTE TRINO SPEED 300/500/SOFT 2 ENTRADAS;1;;2;
2001234;CONJ. MOVIMENTADOR TRINO 300 SPEED 127V 50-60HZ KRIPT;813522;CHAVETA QUADRADA 8MMX33,4MM;1;;2;
2001235;CONJ. MOVIMENTADOR TRINO 300 SPEED 220V 50-60HZ KRIPT;813099;ENGRENAGEM INTERNA DE ZAMAC DO DESLIZANTE TRINO SPEED 300/500/SOFT 2 ENTRADAS;1;;2;
2001235;CONJ. MOVIMENTADOR TRINO 300 SPEED 220V 50-60HZ KRIPT;813522;CHAVETA QUADRADA 8MMX33,4MM;1;;2;
2001240;CONJ. MOVIMENTADOR TRINO 500 SPEED 220V 50-60HZ COM  B. ALUMINIUM EX;813099;ENGRENAGEM INTERNA DE ZAMAC DO DESLIZANTE TRINO SPEED 300/500/SOFT 2 ENTRADAS;1;;2;
2001240;CONJ. MOVIMENTADOR TRINO 500 SPEED 220V 50-60HZ COM  B. ALUMINIUM EX;813522;CHAVETA QUADRADA 8MMX33,4MM;1;;2;
2001244;CONJ. MOVIMENTADOR TRINO 300 220V 50-60HZ B. ALUM ENG. ZAMAC TAMPA BRANCA S/ CREMALHEIRA;813100;ENGRENAGEM INTERNA DE ZAMAC DO DESLIZANTE TRINO 700/900 1 ENTRADA 300/500/SOFT;1;;2;
2001244;CONJ. MOVIMENTADOR TRINO 300 220V 50-60HZ B. ALUM ENG. ZAMAC TAMPA BRANCA S/ CREMALHEIRA;813522;CHAVETA QUADRADA 8MMX33,4MM;1;;2;
2001245;CONJ. MOVIMENTADOR TRINO 300 220V 50-60HZ B. ALUM ENG. ZAMAC TAMPA PRETA S/ CREMALHEIRA;813100;ENGRENAGEM INTERNA DE ZAMAC DO DESLIZANTE TRINO 700/900 1 ENTRADA 300/500/SOFT;1;;2;
2001245;CONJ. MOVIMENTADOR TRINO 300 220V 50-60HZ B. ALUM ENG. ZAMAC TAMPA PRETA S/ CREMALHEIRA;813522;CHAVETA QUADRADA 8MMX33,4MM;1;;2;
2001253;CONJ. MOVIMENTADOR TRINO SOFT 220V 50-60Hz SEM CREMALHEIRA EX;813099;ENGRENAGEM INTERNA DE ZAMAC DO DESLIZANTE TRINO SPEED 300/500/SOFT 2 ENTRADAS;1;;2;
2001253;CONJ. MOVIMENTADOR TRINO SOFT 220V 50-60Hz SEM CREMALHEIRA EX;813522;CHAVETA QUADRADA 8MMX33,4MM;1;;2;
2001254;CONJ. MOVIMENTADOR TRINO SOFT 220V 50-60Hz SEM CREMALHEIRA COM B. ALUMINIUM EX;813099;ENGRENAGEM INTERNA DE ZAMAC DO DESLIZANTE TRINO SPEED 300/500/SOFT 2 ENTRADAS;1;;2;
2001254;CONJ. MOVIMENTADOR TRINO SOFT 220V 50-60Hz SEM CREMALHEIRA COM B. ALUMINIUM EX;813522;CHAVETA QUADRADA 8MMX33,4MM;1;;2;
2001257;CONJ. AUTOMATISMO DESLIZANTE TRINO SOFT 220V EX;813099;ENGRENAGEM INTERNA DE ZAMAC DO DESLIZANTE TRINO SPEED 300/500/SOFT 2 ENTRADAS;1;;2;
2001257;CONJ. AUTOMATISMO DESLIZANTE TRINO SOFT 220V EX;813522;CHAVETA QUADRADA 8MMX33,4MM;1;;2;
2001288;CONJ. MOVIMENTADOR TRINO 800 SDOOR 220V 50-60HZ COM B. ALUMINIUM SEM CREMALHEIRA EX;813100;ENGRENAGEM INTERNA DE ZAMAC DO DESLIZANTE TRINO 700/900 1 ENTRADA 300/500/SOFT;1;;2;
2001288;CONJ. MOVIMENTADOR TRINO 800 SDOOR 220V 50-60HZ COM B. ALUMINIUM SEM CREMALHEIRA EX;813522;CHAVETA QUADRADA 8MMX33,4MM;1;;2;
2001312;CONJ. MOVIMENTADOR TRINO 300 SPEED 220V 50-60HZ KRIPT SEM CREMALHEIRA;813099;ENGRENAGEM INTERNA DE ZAMAC DO DESLIZANTE TRINO SPEED 300/500/SOFT 2 ENTRADAS;1;;2;
2001312;CONJ. MOVIMENTADOR TRINO 300 SPEED 220V 50-60HZ KRIPT SEM CREMALHEIRA;813522;CHAVETA QUADRADA 8MMX33,4MM;1;;2;
2001320;CONJ. MOVIMENTADOR TRINO 900 127V 50-60HZ TECLAM EX;813100;ENGRENAGEM INTERNA DE ZAMAC DO DESLIZANTE TRINO 700/900 1 ENTRADA 300/500/SOFT;1;;2;
2001320;CONJ. MOVIMENTADOR TRINO 900 127V 50-60HZ TECLAM EX;813522;CHAVETA QUADRADA 8MMX33,4MM;1;;2;
2001324;CONJ. MOVIMENTADOR TRINO 300 SPEED 127V 50-60HZ TECLAM EX;813099;ENGRENAGEM INTERNA DE ZAMAC DO DESLIZANTE TRINO SPEED 300/500/SOFT 2 ENTRADAS;1;;2;
2001324;CONJ. MOVIMENTADOR TRINO 300 SPEED 127V 50-60HZ TECLAM EX;813522;CHAVETA QUADRADA 8MMX33,4MM;1;;2;
2001325;CONJ. MOVIMENTADOR TRINO 500 SPEED 127V 50-60HZ TECLAM EX;813099;ENGRENAGEM INTERNA DE ZAMAC DO DESLIZANTE TRINO SPEED 300/500/SOFT 2 ENTRADAS;1;;2;
2001325;CONJ. MOVIMENTADOR TRINO 500 SPEED 127V 50-60HZ TECLAM EX;813522;CHAVETA QUADRADA 8MMX33,4MM;1;;2;
2001327;CONJ. MOVIMENTADOR TRINO 500 SPEED 127V 50-60HZ COM B. ALUMINIUM TECLA;813099;ENGRENAGEM INTERNA DE ZAMAC DO DESLIZANTE TRINO SPEED 300/500/SOFT 2 ENTRADAS;1;;2;
2001327;CONJ. MOVIMENTADOR TRINO 500 SPEED 127V 50-60HZ COM B. ALUMINIUM TECLA;813522;CHAVETA QUADRADA 8MMX33,4MM;1;;2;
2001329;CONJ. MOVIMENTADOR TRINO 900 127V 50-60HZ COM B. ALUMINIUM TECLAM EX;813100;ENGRENAGEM INTERNA DE ZAMAC DO DESLIZANTE TRINO 700/900 1 ENTRADA 300/500/SOFT;1;;2;
2001329;CONJ. MOVIMENTADOR TRINO 900 127V 50-60HZ COM B. ALUMINIUM TECLAM EX;813522;CHAVETA QUADRADA 8MMX33,4MM;1;;2;
2001334;CONJ. MOVIMENTADOR TRINO 900 127V 50-60HZ - CONDOMINIAL 100 SEM CREMALHEIRA;813100;ENGRENAGEM INTERNA DE ZAMAC DO DESLIZANTE TRINO 700/900 1 ENTRADA 300/500/SOFT;1;;2;
2001334;CONJ. MOVIMENTADOR TRINO 900 127V 50-60HZ - CONDOMINIAL 100 SEM CREMALHEIRA;813522;CHAVETA QUADRADA 8MMX33,4MM;1;;2;
2004022;CONJ. MOVIMENTADOR TRINO 700 220V 50-60HZ KRIPT;813100;ENGRENAGEM INTERNA DE ZAMAC DO DESLIZANTE TRINO 700/900 1 ENTRADA 300/500/SOFT;1;;2;
2004022;CONJ. MOVIMENTADOR TRINO 700 220V 50-60HZ KRIPT;813522;CHAVETA QUADRADA 8MMX33,4MM;1;;2;
2004023;CONJ. MOVIMENTADOR TRINO 900 220V 50-60HZ KRIPT;813100;ENGRENAGEM INTERNA DE ZAMAC DO DESLIZANTE TRINO 700/900 1 ENTRADA 300/500/SOFT;1;;2;
2004023;CONJ. MOVIMENTADOR TRINO 900 220V 50-60HZ KRIPT;813522;CHAVETA QUADRADA 8MMX33,4MM;1;;2;
2004024;CONJ. MOVIMENTADOR TRINO 500 SPEED 127V 50-60HZ KRIPT;813099;ENGRENAGEM INTERNA DE ZAMAC DO DESLIZANTE TRINO SPEED 300/500/SOFT 2 ENTRADAS;1;;2;
2004024;CONJ. MOVIMENTADOR TRINO 500 SPEED 127V 50-60HZ KRIPT;813522;CHAVETA QUADRADA 8MMX33,4MM;1;;2;
2004026;CONJ. MOVIMENTADOR TRINO 700 110V 50-60HZ KRIPT;813100;ENGRENAGEM INTERNA DE ZAMAC DO DESLIZANTE TRINO 700/900 1 ENTRADA 300/500/SOFT;1;;2;
2004026;CONJ. MOVIMENTADOR TRINO 700 110V 50-60HZ KRIPT;813522;CHAVETA QUADRADA 8MMX33,4MM;1;;2;
2004027;CONJ. MOVIMENTADOR TRINO 900 110V 50-60HZ KRIPT;813100;ENGRENAGEM INTERNA DE ZAMAC DO DESLIZANTE TRINO 700/900 1 ENTRADA 300/500/SOFT;1;;2;
2004027;CONJ. MOVIMENTADOR TRINO 900 110V 50-60HZ KRIPT;813522;CHAVETA QUADRADA 8MMX33,4MM;1;;2;
2004049;CONJ. MOVIMENTADOR TRINO 300 SPEED 127V 50-60HZ KRIPT SEM CREMALHEIRA;813099;ENGRENAGEM INTERNA DE ZAMAC DO DESLIZANTE TRINO SPEED 300/500/SOFT 2 ENTRADAS;1;;2;
2004049;CONJ. MOVIMENTADOR TRINO 300 SPEED 127V 50-60HZ KRIPT SEM CREMALHEIRA;813522;CHAVETA QUADRADA 8MMX33,4MM;1;;2;
2004052;CONJ. MOVIMENTADOR TRINO 500 SPEED 127V 50-60HZ KRIPT SEM CREMALHEIRA;813099;ENGRENAGEM INTERNA DE ZAMAC DO DESLIZANTE TRINO SPEED 300/500/SOFT 2 ENTRADAS;1;;2;
2004052;CONJ. MOVIMENTADOR TRINO 500 SPEED 127V 50-60HZ KRIPT SEM CREMALHEIRA;813522;CHAVETA QUADRADA 8MMX33,4MM;1;;2;
2004053;CONJ. MOVIMENTADOR TRINO 500 SPEED 220V 50-60HZ KRIPT SEM CREMALHEIRA;813099;ENGRENAGEM INTERNA DE ZAMAC DO DESLIZANTE TRINO SPEED 300/500/SOFT 2 ENTRADAS;1;;2;
2004053;CONJ. MOVIMENTADOR TRINO 500 SPEED 220V 50-60HZ KRIPT SEM CREMALHEIRA;813522;CHAVETA QUADRADA 8MMX33,4MM;1;;2;
2004054;CONJ. MOVIMENTADOR TRINO 700 110V 50-60HZ KRIPT SEM CREMALHEIRA;813100;ENGRENAGEM INTERNA DE ZAMAC DO DESLIZANTE TRINO 700/900 1 ENTRADA 300/500/SOFT;1;;2;
2004054;CONJ. MOVIMENTADOR TRINO 700 110V 50-60HZ KRIPT SEM CREMALHEIRA;813522;CHAVETA QUADRADA 8MMX33,4MM;1;;2;
2004055;CONJ. MOVIMENTADOR TRINO 700 220V 50-60HZ KRIPT SEM CREMALHEIRA;813100;ENGRENAGEM INTERNA DE ZAMAC DO DESLIZANTE TRINO 700/900 1 ENTRADA 300/500/SOFT;1;;2;
2004055;CONJ. MOVIMENTADOR TRINO 700 220V 50-60HZ KRIPT SEM CREMALHEIRA;813522;CHAVETA QUADRADA 8MMX33,4MM;1;;2;
2004056;CONJ. MOVIMENTADOR TRINO 900 110V 50-60HZ KRIPT SEM CREMALHEIRA;813100;ENGRENAGEM INTERNA DE ZAMAC DO DESLIZANTE TRINO 700/900 1 ENTRADA 300/500/SOFT;1;;2;
2004056;CONJ. MOVIMENTADOR TRINO 900 110V 50-60HZ KRIPT SEM CREMALHEIRA;813522;CHAVETA QUADRADA 8MMX33,4MM;1;;2;
2004057;CONJ. MOVIMENTADOR TRINO 900 220V 50-60HZ KRIPT SEM CREMALHEIRA;813100;ENGRENAGEM INTERNA DE ZAMAC DO DESLIZANTE TRINO 700/900 1 ENTRADA 300/500/SOFT;1;;2;
2004057;CONJ. MOVIMENTADOR TRINO 900 220V 50-60HZ KRIPT SEM CREMALHEIRA;813522;CHAVETA QUADRADA 8MMX33,4MM;1;;2;
2006003;CONJ. MOVIMENTADOR INTELIGENTE - IZZY 300 SPEED 127V 50-60HZ;813099;ENGRENAGEM INTERNA DE ZAMAC DO DESLIZANTE TRINO SPEED 300/500/SOFT 2 ENTRADAS;1;;2;
2006003;CONJ. MOVIMENTADOR INTELIGENTE - IZZY 300 SPEED 127V 50-60HZ;813522;CHAVETA QUADRADA 8MMX33,4MM;1;;2;
2006004;CONJ. MOVIMENTADOR INTELIGENTE - IZZY 300 SPEED 220V 50-60HZ;813099;ENGRENAGEM INTERNA DE ZAMAC DO DESLIZANTE TRINO SPEED 300/500/SOFT 2 ENTRADAS;1;;2;
2006004;CONJ. MOVIMENTADOR INTELIGENTE - IZZY 300 SPEED 220V 50-60HZ;813522;CHAVETA QUADRADA 8MMX33,4MM;1;;2;
2006007;CONJ. MOVIMENTADOR INTELIGENTE - IZZY 500 SPEED 127V 50-60HZ;813099;ENGRENAGEM INTERNA DE ZAMAC DO DESLIZANTE TRINO SPEED 300/500/SOFT 2 ENTRADAS;1;;2;
2006007;CONJ. MOVIMENTADOR INTELIGENTE - IZZY 500 SPEED 127V 50-60HZ;813522;CHAVETA QUADRADA 8MMX33,4MM;1;;2;
2006008;CONJ. MOVIMENTADOR INTELIGENTE - IZZY 500 SPEED 220V 50-60HZ;813099;ENGRENAGEM INTERNA DE ZAMAC DO DESLIZANTE TRINO SPEED 300/500/SOFT 2 ENTRADAS;1;;2;
2006008;CONJ. MOVIMENTADOR INTELIGENTE - IZZY 500 SPEED 220V 50-60HZ;813522;CHAVETA QUADRADA 8MMX33,4MM;1;;2;
2006009;CONJ. MOVIMENTADOR INTELIGENTE - IZZY 700 127V 50-60HZ;813100;ENGRENAGEM INTERNA DE ZAMAC DO DESLIZANTE TRINO 700/900 1 ENTRADA 300/500/SOFT;1;;2;
2006009;CONJ. MOVIMENTADOR INTELIGENTE - IZZY 700 127V 50-60HZ;813522;CHAVETA QUADRADA 8MMX33,4MM;1;;2;
2006010;CONJ. MOVIMENTADOR INTELIGENTE - IZZY 700 220V 50-60HZ;813100;ENGRENAGEM INTERNA DE ZAMAC DO DESLIZANTE TRINO 700/900 1 ENTRADA 300/500/SOFT;1;;2;
2006010;CONJ. MOVIMENTADOR INTELIGENTE - IZZY 700 220V 50-60HZ;813522;CHAVETA QUADRADA 8MMX33,4MM;1;;2;
2006011;CONJ. MOVIMENTADOR INTELIGENTE - IZZY 900 127V 50-60HZ;813100;ENGRENAGEM INTERNA DE ZAMAC DO DESLIZANTE TRINO 700/900 1 ENTRADA 300/500/SOFT;1;;2;
2006011;CONJ. MOVIMENTADOR INTELIGENTE - IZZY 900 127V 50-60HZ;813522;CHAVETA QUADRADA 8MMX33,4MM;1;;2;
2006012;CONJ. MOVIMENTADOR INTELIGENTE - IZZY 900 220V 50-60HZ;813100;ENGRENAGEM INTERNA DE ZAMAC DO DESLIZANTE TRINO 700/900 1 ENTRADA 300/500/SOFT;1;;2;
2006012;CONJ. MOVIMENTADOR INTELIGENTE - IZZY 900 220V 50-60HZ;813522;CHAVETA QUADRADA 8MMX33,4MM;1;;2;
2006013;CONJ. MOVIMENTADOR INTELIGENTE - IZZY SOFT 127V 50-60Hz;813099;ENGRENAGEM INTERNA DE ZAMAC DO DESLIZANTE TRINO SPEED 300/500/SOFT 2 ENTRADAS;1;;2;
2006013;CONJ. MOVIMENTADOR INTELIGENTE - IZZY SOFT 127V 50-60Hz;813522;CHAVETA QUADRADA 8MMX33,4MM;1;;2;
2006014;CONJ. MOVIMENTADOR INTELIGENTE - IZZY SOFT 220V 50-60Hz;813099;ENGRENAGEM INTERNA DE ZAMAC DO DESLIZANTE TRINO SPEED 300/500/SOFT 2 ENTRADAS;1;;2;
2006014;CONJ. MOVIMENTADOR INTELIGENTE - IZZY SOFT 220V 50-60Hz;813522;CHAVETA QUADRADA 8MMX33,4MM;1;;2;
2006017;CONJ. MOVIMENTADOR INTELIGENTE - IZZY 300 SPEED 127V 50-60HZ COM  B. ALUMINIUM;813099;ENGRENAGEM INTERNA DE ZAMAC DO DESLIZANTE TRINO SPEED 300/500/SOFT 2 ENTRADAS;1;;2;
2006017;CONJ. MOVIMENTADOR INTELIGENTE - IZZY 300 SPEED 127V 50-60HZ COM  B. ALUMINIUM;813522;CHAVETA QUADRADA 8MMX33,4MM;1;;2;
2006018;CONJ. MOVIMENTADOR INTELIGENTE - IZZY 300 SPEED 220V 50-60HZ COM  B. ALUMINIUM;813099;ENGRENAGEM INTERNA DE ZAMAC DO DESLIZANTE TRINO SPEED 300/500/SOFT 2 ENTRADAS;1;;2;
2006018;CONJ. MOVIMENTADOR INTELIGENTE - IZZY 300 SPEED 220V 50-60HZ COM  B. ALUMINIUM;813522;CHAVETA QUADRADA 8MMX33,4MM;1;;2;
2006021;CONJ. MOVIMENTADOR INTELIGENTE - IZZY 500 SPEED 127V 50-60HZ COM  B. ALUMINIUM;813099;ENGRENAGEM INTERNA DE ZAMAC DO DESLIZANTE TRINO SPEED 300/500/SOFT 2 ENTRADAS;1;;2;
2006021;CONJ. MOVIMENTADOR INTELIGENTE - IZZY 500 SPEED 127V 50-60HZ COM  B. ALUMINIUM;813522;CHAVETA QUADRADA 8MMX33,4MM;1;;2;
2006022;CONJ. MOVIMENTADOR INTELIGENTE - IZZY 500 SPEED 220V 50-60HZ COM  B. ALUMINIUM;813099;ENGRENAGEM INTERNA DE ZAMAC DO DESLIZANTE TRINO SPEED 300/500/SOFT 2 ENTRADAS;1;;2;
2006022;CONJ. MOVIMENTADOR INTELIGENTE - IZZY 500 SPEED 220V 50-60HZ COM  B. ALUMINIUM;813522;CHAVETA QUADRADA 8MMX33,4MM;1;;2;
2006023;CONJ. MOVIMENTADOR INTELIGENTE - IZZY 700 127V 50-60HZ COM  B. ALUMINIUM;813100;ENGRENAGEM INTERNA DE ZAMAC DO DESLIZANTE TRINO 700/900 1 ENTRADA 300/500/SOFT;1;;2;
2006023;CONJ. MOVIMENTADOR INTELIGENTE - IZZY 700 127V 50-60HZ COM  B. ALUMINIUM;813522;CHAVETA QUADRADA 8MMX33,4MM;1;;2;
2006024;CONJ. MOVIMENTADOR INTELIGENTE - IZZY 700 220V 50-60HZ COM  B. ALUMINIUM;813100;ENGRENAGEM INTERNA DE ZAMAC DO DESLIZANTE TRINO 700/900 1 ENTRADA 300/500/SOFT;1;;2;
2006024;CONJ. MOVIMENTADOR INTELIGENTE - IZZY 700 220V 50-60HZ COM  B. ALUMINIUM;813522;CHAVETA QUADRADA 8MMX33,4MM;1;;2;
2006025;CONJ. MOVIMENTADOR INTELIGENTE - IZZY 900 127V 50-60HZ COM B. ALUMINIUM;813100;ENGRENAGEM INTERNA DE ZAMAC DO DESLIZANTE TRINO 700/900 1 ENTRADA 300/500/SOFT;1;;2;
2006025;CONJ. MOVIMENTADOR INTELIGENTE - IZZY 900 127V 50-60HZ COM B. ALUMINIUM;813522;CHAVETA QUADRADA 8MMX33,4MM;1;;2;
2006026;CONJ. MOVIMENTADOR INTELIGENTE - IZZY 900 220V 50-60HZ COM B. ALUMINIUM;813100;ENGRENAGEM INTERNA DE ZAMAC DO DESLIZANTE TRINO 700/900 1 ENTRADA 300/500/SOFT;1;;2;
2006026;CONJ. MOVIMENTADOR INTELIGENTE - IZZY 900 220V 50-60HZ COM B. ALUMINIUM;813522;CHAVETA QUADRADA 8MMX33,4MM;1;;2;
2006031;CONJ. MOVIMENTADOR INTELIGENTE - IZZY 300 SPEED 220V 50-60HZ EX;813099;ENGRENAGEM INTERNA DE ZAMAC DO DESLIZANTE TRINO SPEED 300/500/SOFT 2 ENTRADAS;1;;2;
2006031;CONJ. MOVIMENTADOR INTELIGENTE - IZZY 300 SPEED 220V 50-60HZ EX;813522;CHAVETA QUADRADA 8MMX33,4MM;1;;2;
2006033;CONJ. MOVIMENTADOR INTELIGENTE - IZZY 500 SPEED 220V 50-60HZ EX;813099;ENGRENAGEM INTERNA DE ZAMAC DO DESLIZANTE TRINO SPEED 300/500/SOFT 2 ENTRADAS;1;;2;
2006033;CONJ. MOVIMENTADOR INTELIGENTE - IZZY 500 SPEED 220V 50-60HZ EX;813522;CHAVETA QUADRADA 8MMX33,4MM;1;;2;
2006037;CONJ. MOVIMENTADOR INTELIGENTE - IZZY 900 220V 50-60HZ COM B. ALUMINIUM EX;813100;ENGRENAGEM INTERNA DE ZAMAC DO DESLIZANTE TRINO 700/900 1 ENTRADA 300/500/SOFT;1;;2;
2006037;CONJ. MOVIMENTADOR INTELIGENTE - IZZY 900 220V 50-60HZ COM B. ALUMINIUM EX;813522;CHAVETA QUADRADA 8MMX33,4MM;1;;2;
2006038;CONJ. MOVIMENTADOR INTELIGENTE - IZZY 700 220V 50-60HZ EX;813100;ENGRENAGEM INTERNA DE ZAMAC DO DESLIZANTE TRINO 700/900 1 ENTRADA 300/500/SOFT;1;;2;
2006038;CONJ. MOVIMENTADOR INTELIGENTE - IZZY 700 220V 50-60HZ EX;813522;CHAVETA QUADRADA 8MMX33,4MM;1;;2;
2006039;CONJ. MOVIMENTADOR INTELIGENTE - IZZY 900 220V 50-60HZ EX;813100;ENGRENAGEM INTERNA DE ZAMAC DO DESLIZANTE TRINO 700/900 1 ENTRADA 300/500/SOFT;1;;2;
2006039;CONJ. MOVIMENTADOR INTELIGENTE - IZZY 900 220V 50-60HZ EX;813522;CHAVETA QUADRADA 8MMX33,4MM;1;;2;
2006045;CONJ. MOVIMENTADOR INTELIGENTE - IZZY 300 SPEED 220V 50-60HZ COM  B. ALUMINIUM EX;813099;ENGRENAGEM INTERNA DE ZAMAC DO DESLIZANTE TRINO SPEED 300/500/SOFT 2 ENTRADAS;1;;2;
2006045;CONJ. MOVIMENTADOR INTELIGENTE - IZZY 300 SPEED 220V 50-60HZ COM  B. ALUMINIUM EX;813522;CHAVETA QUADRADA 8MMX33,4MM;1;;2;
2006046;CONJ. MOVIMENTADOR INTELIGENTE - IZZY 500 SPEED 220V 50-60HZ COM  B. ALUMINIUM EX;813099;ENGRENAGEM INTERNA DE ZAMAC DO DESLIZANTE TRINO SPEED 300/500/SOFT 2 ENTRADAS;1;;2;
2006046;CONJ. MOVIMENTADOR INTELIGENTE - IZZY 500 SPEED 220V 50-60HZ COM  B. ALUMINIUM EX;813522;CHAVETA QUADRADA 8MMX33,4MM;1;;2;
2006048;CONJ. MOVIMENTADOR INTELIGENTE - IZZY 700 220V 50-60HZ COM B. ALUMINIUM EX;813100;ENGRENAGEM INTERNA DE ZAMAC DO DESLIZANTE TRINO 700/900 1 ENTRADA 300/500/SOFT;1;;2;
2006048;CONJ. MOVIMENTADOR INTELIGENTE - IZZY 700 220V 50-60HZ COM B. ALUMINIUM EX;813522;CHAVETA QUADRADA 8MMX33,4MM;1;;2;
2006051;CONJ. MOVIMENTADOR INTELIGENTE - IZZY 500 SPEED 127V 50-60HZ EX;813099;ENGRENAGEM INTERNA DE ZAMAC DO DESLIZANTE TRINO SPEED 300/500/SOFT 2 ENTRADAS;1;;2;
2006051;CONJ. MOVIMENTADOR INTELIGENTE - IZZY 500 SPEED 127V 50-60HZ EX;813522;CHAVETA QUADRADA 8MMX33,4MM;1;;2;
2006052;CONJ. MOVIMENTADOR INTELIGENTE - IZZY 900 127V 50-60HZ EX;813100;ENGRENAGEM INTERNA DE ZAMAC DO DESLIZANTE TRINO 700/900 1 ENTRADA 300/500/SOFT;1;;2;
2006052;CONJ. MOVIMENTADOR INTELIGENTE - IZZY 900 127V 50-60HZ EX;813522;CHAVETA QUADRADA 8MMX33,4MM;1;;2;
2006054;CONJ. MOVIMENTADOR INTELIGENTE - IZZY SOFT 220V 50-60Hz - SEM CREMALHEIRA EX;813099;ENGRENAGEM INTERNA DE ZAMAC DO DESLIZANTE TRINO SPEED 300/500/SOFT 2 ENTRADAS;1;;2;
2006054;CONJ. MOVIMENTADOR INTELIGENTE - IZZY SOFT 220V 50-60Hz - SEM CREMALHEIRA EX;813522;CHAVETA QUADRADA 8MMX33,4MM;1;;2;
2006056;CONJ. MOVIMENTADOR INTELIGENTE - IZZY 300 SPEED 127V 50-60HZ EX;813099;ENGRENAGEM INTERNA DE ZAMAC DO DESLIZANTE TRINO SPEED 300/500/SOFT 2 ENTRADAS;1;;2;
2006056;CONJ. MOVIMENTADOR INTELIGENTE - IZZY 300 SPEED 127V 50-60HZ EX;813522;CHAVETA QUADRADA 8MMX33,4MM;1;;2;
2006057;CONJ. MOVIMENTADOR INTELIGENTE - IZZY 300 SPEED 127V 50-60HZ - CONDOMINIAL 100;813099;ENGRENAGEM INTERNA DE ZAMAC DO DESLIZANTE TRINO SPEED 300/500/SOFT 2 ENTRADAS;1;;2;
2006057;CONJ. MOVIMENTADOR INTELIGENTE - IZZY 300 SPEED 127V 50-60HZ - CONDOMINIAL 100;813522;CHAVETA QUADRADA 8MMX33,4MM;1;;2;
2006058;CONJ. MOVIMENTADOR INTELIGENTE - IZZY 300 SPEED 220V 50-60HZ - CONDOMINIAL 100;813099;ENGRENAGEM INTERNA DE ZAMAC DO DESLIZANTE TRINO SPEED 300/500/SOFT 2 ENTRADAS;1;;2;
2006058;CONJ. MOVIMENTADOR INTELIGENTE - IZZY 300 SPEED 220V 50-60HZ - CONDOMINIAL 100;813522;CHAVETA QUADRADA 8MMX33,4MM;1;;2;
2006059;CONJ. MOVIMENTADOR INTELIGENTE - IZZY 300 SPEED 220V 50-60HZ SEM CREMALHEIRA;813099;ENGRENAGEM INTERNA DE ZAMAC DO DESLIZANTE TRINO SPEED 300/500/SOFT 2 ENTRADAS;1;;2;
2006059;CONJ. MOVIMENTADOR INTELIGENTE - IZZY 300 SPEED 220V 50-60HZ SEM CREMALHEIRA;813522;CHAVETA QUADRADA 8MMX33,4MM;1;;2;
2006060;CONJ. MOVIMENTADOR INTELIGENTE - IZZY 300 SPEED 127V 50-60HZ SEM CREMALHEIRA;813099;ENGRENAGEM INTERNA DE ZAMAC DO DESLIZANTE TRINO SPEED 300/500/SOFT 2 ENTRADAS;1;;2;
2006060;CONJ. MOVIMENTADOR INTELIGENTE - IZZY 300 SPEED 127V 50-60HZ SEM CREMALHEIRA;813522;CHAVETA QUADRADA 8MMX33,4MM;1;;2;
2006061;CONJ. MOVIMENTADOR INTELIGENTE - IZZY 500 SPEED 127V 50-60HZ SEM CREMALHEIRA;813099;ENGRENAGEM INTERNA DE ZAMAC DO DESLIZANTE TRINO SPEED 300/500/SOFT 2 ENTRADAS;1;;2;
2006061;CONJ. MOVIMENTADOR INTELIGENTE - IZZY 500 SPEED 127V 50-60HZ SEM CREMALHEIRA;813522;CHAVETA QUADRADA 8MMX33,4MM;1;;2;
2006062;CONJ. MOVIMENTADOR INTELIGENTE - IZZY 500 SPEED 220V 50-60HZ SEM CREMALHEIRA;813099;ENGRENAGEM INTERNA DE ZAMAC DO DESLIZANTE TRINO SPEED 300/500/SOFT 2 ENTRADAS;1;;2;
2006062;CONJ. MOVIMENTADOR INTELIGENTE - IZZY 500 SPEED 220V 50-60HZ SEM CREMALHEIRA;813522;CHAVETA QUADRADA 8MMX33,4MM;1;;2;
2006063;CONJ. MOVIMENTADOR INTELIGENTE - IZZY 900 220V 50-60HZ SEM CREMALHEIRA;813100;ENGRENAGEM INTERNA DE ZAMAC DO DESLIZANTE TRINO 700/900 1 ENTRADA 300/500/SOFT;1;;2;
2006063;CONJ. MOVIMENTADOR INTELIGENTE - IZZY 900 220V 50-60HZ SEM CREMALHEIRA;813522;CHAVETA QUADRADA 8MMX33,4MM;1;;2;
2006064;CONJ. MOVIMENTADOR INTELIGENTE - IZZY 900 127V 50-60HZ SEM CREMALHEIRA;813100;ENGRENAGEM INTERNA DE ZAMAC DO DESLIZANTE TRINO 700/900 1 ENTRADA 300/500/SOFT;1;;2;
2006064;CONJ. MOVIMENTADOR INTELIGENTE - IZZY 900 127V 50-60HZ SEM CREMALHEIRA;813522;CHAVETA QUADRADA 8MMX33,4MM;1;;2;
2006067;CONJ. MOVIMENTADOR INTELIGENTE - IZZY 700 127V 50-60HZ SEM CREMALHEIRA;813100;ENGRENAGEM INTERNA DE ZAMAC DO DESLIZANTE TRINO 700/900 1 ENTRADA 300/500/SOFT;1;;2;
2006067;CONJ. MOVIMENTADOR INTELIGENTE - IZZY 700 127V 50-60HZ SEM CREMALHEIRA;813522;CHAVETA QUADRADA 8MMX33,4MM;1;;2;
2006068;CONJ. MOVIMENTADOR INTELIGENTE - IZZY 700 220V 50-60HZ SEM CREMALHEIRA;813100;ENGRENAGEM INTERNA DE ZAMAC DO DESLIZANTE TRINO 700/900 1 ENTRADA 300/500/SOFT;1;;2;
2006068;CONJ. MOVIMENTADOR INTELIGENTE - IZZY 700 220V 50-60HZ SEM CREMALHEIRA;813522;CHAVETA QUADRADA 8MMX33,4MM;1;;2;
2006070;CONJ. MOVIMENTADOR INTELIGENTE - IZZY 300 SPEED 220V 50-60HZ SEM CREMALHEIRA EX;813099;ENGRENAGEM INTERNA DE ZAMAC DO DESLIZANTE TRINO SPEED 300/500/SOFT 2 ENTRADAS;1;;2;
2006070;CONJ. MOVIMENTADOR INTELIGENTE - IZZY 300 SPEED 220V 50-60HZ SEM CREMALHEIRA EX;813522;CHAVETA QUADRADA 8MMX33,4MM;1;;2;
2006072;CONJ. MOVIMENTADOR INTELIGENTE - IZZY 500 SPEED 220V 50-60HZ PANTHER EX;813099;ENGRENAGEM INTERNA DE ZAMAC DO DESLIZANTE TRINO SPEED 300/500/SOFT 2 ENTRADAS;1;;2;
2006072;CONJ. MOVIMENTADOR INTELIGENTE - IZZY 500 SPEED 220V 50-60HZ PANTHER EX;813522;CHAVETA QUADRADA 8MMX33,4MM;1;;2;
2006073;CONJ. MOVIMENTADOR INTELIGENTE - IZZY 900 220V 50-60HZ PANTHER EX;813100;ENGRENAGEM INTERNA DE ZAMAC DO DESLIZANTE TRINO 700/900 1 ENTRADA 300/500/SOFT;1;;2;
2006073;CONJ. MOVIMENTADOR INTELIGENTE - IZZY 900 220V 50-60HZ PANTHER EX;813522;CHAVETA QUADRADA 8MMX33,4MM;1;;2;
2006075;CONJ. MOVIMENTADOR INTELIGENTE - IZZY 900 220V 50-60HZ COM B. ALUM. PANTHER EX;813100;ENGRENAGEM INTERNA DE ZAMAC DO DESLIZANTE TRINO 700/900 1 ENTRADA 300/500/SOFT;1;;2;
2006075;CONJ. MOVIMENTADOR INTELIGENTE - IZZY 900 220V 50-60HZ COM B. ALUM. PANTHER EX;813522;CHAVETA QUADRADA 8MMX33,4MM;1;;2;
2006076;CONJ. MOVIMENTADOR INTELIGENTE - IZZY 500 SPEED 220V 50-60HZ B. ALUM. PANTHER EX;813099;ENGRENAGEM INTERNA DE ZAMAC DO DESLIZANTE TRINO SPEED 300/500/SOFT 2 ENTRADAS;1;;2;
2006076;CONJ. MOVIMENTADOR INTELIGENTE - IZZY 500 SPEED 220V 50-60HZ B. ALUM. PANTHER EX;813522;CHAVETA QUADRADA 8MMX33,4MM;1;;2;
2006090;CONJ. MOVIMENTADOR INTELIGENTE - IZZY 900 127V 50-60HZ COM B. ALUMINIUM EX;813100;ENGRENAGEM INTERNA DE ZAMAC DO DESLIZANTE TRINO 700/900 1 ENTRADA 300/500/SOFT;1;;2;
2006090;CONJ. MOVIMENTADOR INTELIGENTE - IZZY 900 127V 50-60HZ COM B. ALUMINIUM EX;813522;CHAVETA QUADRADA 8MMX33,4MM;1;;2;
2006109;CONJ. MOVIMENTADOR INTELIGENTE - IZZY 700 127V 50-60HZ EX;813100;ENGRENAGEM INTERNA DE ZAMAC DO DESLIZANTE TRINO 700/900 1 ENTRADA 300/500/SOFT;1;;2;
2006109;CONJ. MOVIMENTADOR INTELIGENTE - IZZY 700 127V 50-60HZ EX;813522;CHAVETA QUADRADA 8MMX33,4MM;1;;2;
2006112;CONJ. MOVIMENTADOR INTELIGENTE - IZZY 700 127V 50-60HZ COM B. ALUMINIUM EX;813100;ENGRENAGEM INTERNA DE ZAMAC DO DESLIZANTE TRINO 700/900 1 ENTRADA 300/500/SOFT;1;;2;
2006112;CONJ. MOVIMENTADOR INTELIGENTE - IZZY 700 127V 50-60HZ COM B. ALUMINIUM EX;813522;CHAVETA QUADRADA 8MMX33,4MM;1;;2;
2006113;CONJ. MOVIMENTADOR INTELIGENTE - IZZY 300 SPEED 127V 50-60HZ SEM CREMALH. C. B. ALUMÍNIO;813099;ENGRENAGEM INTERNA DE ZAMAC DO DESLIZANTE TRINO SPEED 300/500/SOFT 2 ENTRADAS;1;;2;
2006113;CONJ. MOVIMENTADOR INTELIGENTE - IZZY 300 SPEED 127V 50-60HZ SEM CREMALH. C. B. ALUMÍNIO;813522;CHAVETA QUADRADA 8MMX33,4MM;1;;2;
2006114;CONJ. MOVIMENTADOR INTELIGENTE - IZZY 300 SPEED 220V 50-60HZ SEM CREMALH. C. B. ALUMÍNIO;813099;ENGRENAGEM INTERNA DE ZAMAC DO DESLIZANTE TRINO SPEED 300/500/SOFT 2 ENTRADAS;1;;2;
2006114;CONJ. MOVIMENTADOR INTELIGENTE - IZZY 300 SPEED 220V 50-60HZ SEM CREMALH. C. B. ALUMÍNIO;813522;CHAVETA QUADRADA 8MMX33,4MM;1;;2;
2006115;CONJ. MOVIMENTADOR INTELIGENTE - IZZY 900 220V 50-60HZ S. CREMALHEIRA C. B. ALUM;813100;ENGRENAGEM INTERNA DE ZAMAC DO DESLIZANTE TRINO 700/900 1 ENTRADA 300/500/SOFT;1;;2;
2006115;CONJ. MOVIMENTADOR INTELIGENTE - IZZY 900 220V 50-60HZ S. CREMALHEIRA C. B. ALUM;813522;CHAVETA QUADRADA 8MMX33,4MM;1;;2;
2006117;CONJ. MOVIMENTADOR INTELIGENTE - IZZY 500 SPEED 127V 50-60HZ SEM CREMALHEIRA COM B. ALUMINIUM;813099;ENGRENAGEM INTERNA DE ZAMAC DO DESLIZANTE TRINO SPEED 300/500/SOFT 2 ENTRADAS;1;;2;
2006117;CONJ. MOVIMENTADOR INTELIGENTE - IZZY 500 SPEED 127V 50-60HZ SEM CREMALHEIRA COM B. ALUMINIUM;813522;CHAVETA QUADRADA 8MMX33,4MM;1;;2;
2006118;CONJ. MOVIMENTADOR INTELIGENTE - IZZY 500 SPEED 220V 50-60HZ SEM CREMALHEIRA COM B. ALUMINIUM;813099;ENGRENAGEM INTERNA DE ZAMAC DO DESLIZANTE TRINO SPEED 300/500/SOFT 2 ENTRADAS;1;;2;
2006118;CONJ. MOVIMENTADOR INTELIGENTE - IZZY 500 SPEED 220V 50-60HZ SEM CREMALHEIRA COM B. ALUMINIUM;813522;CHAVETA QUADRADA 8MMX33,4MM;1;;2;
2006120;CONJ. MOVIMENTADOR INTELIGENTE - IZZY 700 220V 50-60HZ SEM CREMALHEIRA COM B. ALUMINIUM;813100;ENGRENAGEM INTERNA DE ZAMAC DO DESLIZANTE TRINO 700/900 1 ENTRADA 300/500/SOFT;1;;2;
2006120;CONJ. MOVIMENTADOR INTELIGENTE - IZZY 700 220V 50-60HZ SEM CREMALHEIRA COM B. ALUMINIUM;813522;CHAVETA QUADRADA 8MMX33,4MM;1;;2;
2006121;CONJ. MOVIMENTADOR INTELIGENTE - IZZY 700 127V 50-60HZ SEM CREMALHEIRA COM B. ALUMINIUM;813100;ENGRENAGEM INTERNA DE ZAMAC DO DESLIZANTE TRINO 700/900 1 ENTRADA 300/500/SOFT;1;;2;
2006121;CONJ. MOVIMENTADOR INTELIGENTE - IZZY 700 127V 50-60HZ SEM CREMALHEIRA COM B. ALUMINIUM;813522;CHAVETA QUADRADA 8MMX33,4MM;1;;2;
2006122;CONJ. MOVIMENTADOR INTELIGENTE - IZZY 900 127V 50-60HZ SEM CREMALHEIRA COM B. ALUMINIUM;813100;ENGRENAGEM INTERNA DE ZAMAC DO DESLIZANTE TRINO 700/900 1 ENTRADA 300/500/SOFT;1;;2;
2006122;CONJ. MOVIMENTADOR INTELIGENTE - IZZY 900 127V 50-60HZ SEM CREMALHEIRA COM B. ALUMINIUM;813522;CHAVETA QUADRADA 8MMX33,4MM;1;;2;
2006123;CONJ. MOVIMENTADOR INTELIGENTE - IZZY 900 220V 50-60HZ SEM CREMALHEIRA COM B. ALUMINIUM;813100;ENGRENAGEM INTERNA DE ZAMAC DO DESLIZANTE TRINO 700/900 1 ENTRADA 300/500/SOFT;1;;2;
2006123;CONJ. MOVIMENTADOR INTELIGENTE - IZZY 900 220V 50-60HZ SEM CREMALHEIRA COM B. ALUMINIUM;813522;CHAVETA QUADRADA 8MMX33,4MM;1;;2;
2006126;CONJ. MOVIMENTADOR INTELIGENTE - IZZY 900 127V 50-60HZ COM B. ALUMINIU;813100;ENGRENAGEM INTERNA DE ZAMAC DO DESLIZANTE TRINO 700/900 1 ENTRADA 300/500/SOFT;1;;2;
2006126;CONJ. MOVIMENTADOR INTELIGENTE - IZZY 900 127V 50-60HZ COM B. ALUMINIU;813522;CHAVETA QUADRADA 8MMX33,4MM;1;;2;
2006128;CONJ. MOVIMENTADOR INTELIGENTE - IZZY 300 SPEED 127V 50-60HZ TECLAM EX;813099;ENGRENAGEM INTERNA DE ZAMAC DO DESLIZANTE TRINO SPEED 300/500/SOFT 2 ENTRADAS;1;;2;
2006128;CONJ. MOVIMENTADOR INTELIGENTE - IZZY 300 SPEED 127V 50-60HZ TECLAM EX;813522;CHAVETA QUADRADA 8MMX33,4MM;1;;2;
2006129;CONJ. MOVIMENTADOR INTELIGENTE - IZZY 500 SPEED 127V 50-60HZ TECLAM EX;813099;ENGRENAGEM INTERNA DE ZAMAC DO DESLIZANTE TRINO SPEED 300/500/SOFT 2 ENTRADAS;1;;2;
2006129;CONJ. MOVIMENTADOR INTELIGENTE - IZZY 500 SPEED 127V 50-60HZ TECLAM EX;813522;CHAVETA QUADRADA 8MMX33,4MM;1;;2;
