chave,coluna_1,coluna_2,coluna_3,coluna_4,coluna_5,coluna_6,coluna_7,coluna_8,coluna_9,coluna_10
Aluminio,807163,ACIONADOR DA TRAVA ELETROMAGNÉTICA,UNIDADE,UN,,4556,0,0,0,0
Aluminio,813262,ACOPLAMENTO DO NEW BV/BV/PIVO,UNIDADE,UN,,17077,0,0,0,0
Aluminio,813245,ALAVANCA DESTRAVAMENTO DZ INDUSTRIAL,UNIDADE,UN,,339,0,0,0,0
Aluminio,813239,ARANHA INF. DO DESLIZANTE FURO M5,UNIDADE,UN,,4792,0,0,0,0
Aluminio,813393,ARANHA INF. DO INDUSTRIAL,UNIDADE,UN,,252,0,0,0,0
Aluminio,813608,ARANHA INFERIOR SUGGAR COM PÉS,UNIDADE,UN,,7846,0,0,0,0
Aluminio,813238,ARANHA SUP. DO DESLIZANTE FURO M5,UNIDADE,UN,,2950,0,0,0,0
Aluminio,813604,ARANHA SUPERIOR SUGGAR,UNIDADE,UN,,2991,0,0,0,0
Aluminio,701125,BASE AGL FECH. ELETROÍMÃ AL150 / AL180 - BRUTO,UNIDADE,UN,,4015,0,0,0,0
Aluminio,813241,BASE DE ALUMÍNIO INFERIOR MOTOR DZ INDUSTRIAL,UNIDADE,UN,,72,0,0,0,0
Aluminio,813199,BASE DE ALUMÍNIO MOTORES DESLIZANTES,UNIDADE,UN,,262,0,0,0,0
Aluminio,813153,BASE DE ALUMÍNIO SUPERIOR MOTOR DZ INDUSTRIAL,UNIDADE,UN,,194,0,0,0,0
Aluminio,701107,BATENTE DA FECHADURA RX100/ RX200/ RX500 - BRUTO,UNIDADE,UN,,2705,0,0,0,0
Aluminio,807119,CAIXA DA TRAVA ELETROMAGNÉTICA - ALUMÍNIO,UNIDADE,UN,,520,0,0,0,0
Aluminio,807162,CARCAÇA DA FECHADURA MINI SMART (ADAPTAÇÃO NOVO MINI MOTOR),UNIDADE,UN,,700,0,0,0,0
Aluminio,813271,CARCAÇA DE MOTOR BV/PIVO INFERIOR,UNIDADE,UN,,548,0,0,0,0
Aluminio,813258,CARCAÇA INFERIOR NEW BV SEM FURO ENCODER,UNIDADE,UN,,1428,0,0,0,0
Aluminio,807158,CARCAÇA INTERNA DA FECHADURA RX100 / RX200 / RX500 / BT1,UNIDADE,UN,,3133,0,0,0,0
Aluminio,813265,CARCAÇA SUPERIOR NEW BV,UNIDADE,UN,,1161,0,0,0,0
Aluminio,813311,CHAVE PIVO,UNIDADE,UN,,5524,0,0,0,0
Aluminio,813310,CILINDRO CHAVE PIVO,UNIDADE,UN,,11745,0,0,0,0
Aluminio,813243,ENGRENAGEM EXTERNA MOTOR INDUSTRIAL,UNIDADE,UN,,409,0,0,0,0
Aluminio,813037,ENGRENAGEM EXTERNA MOTOR 17 DENTES,UNIDADE,UN,,1457,0,0,0,0
Aluminio,701189,ESPELHO DO BATENTE DA FECHADURA RX100 / RX200 / RX500 - BRUTO,UNIDADE,UN,,1705,0,0,0,0
Aluminio,813623,FIM DE CURSO MECANICO DE ALUMÍNIO,UNIDADE,UN,,3952,0,0,0,0
Aluminio,707029,FUNDO ALUMINIO LINGUETA PV200RF2I - BRUTO,PC,UN,,1072,0,0,0,0
Aluminio,807155,FUNDO DO PAINEL RX200/ RX500,UNIDADE,UN,,540,0,0,0,0
Aluminio,807203,FUNDO DO PAINEL RX200/ RX500/BT100 PARA CILINDRO E-CODE,UNIDADE,UN,,1005,0,0,0,0
Aluminio,813146,GOMO 25CM P/ CREMALHEIRA ALUMÍNIO,UNIDADE,UN,,12167,0,0,0,0
Aluminio,203004,LINGOTE DE ALUMINIO,QUILOGRAMA,KG,AGL MOTORES,118,0,0,0,0
Aluminio,203006,LINGOTE DE ALUMINIO (INJEÇÃO ALETAS ROTOR),QUILOGRAMA,KG,AGL MOTORES,42464,0,0,0,0
Aluminio,707023,MAÇANETA ALAVANCA - BRUTO,UN,UN,,1654,0,0,0,0
Aluminio,707022,MAÇANETA BOLA - BRUTO,UNIDADE,UN,,3050,0,0,0,0
Aluminio,813513,MANCAL DE JUNÇÃO DO SUPORTE DA BARREIRA (FÊMEA),UNIDADE,UN,,11,0,0,0,0
Aluminio,813512,MANCAL DE JUNÇÃO DO SUPORTE DA BARREIRA (MACHO),UNIDADE,UN,,80,0,0,0,0
Aluminio,412090,"NI-RT SAE-060 AGL P16,8 04P COM ALETA",UNIDADE,UN,,3183,0,0,0,0
Aluminio,412168,"NI-RT SAE-060 AGL P16,8 04P SEM ALETA",UNIDADE,UN,,150,0,0,0,0
Aluminio,412388,"NI-RT SAE-060 AGL P16,8 2P (SOMENTE ROTOR P/ INDUSTRIALIZAÇÃO)",UNIDADE,UN,,13,0,0,0,0
Aluminio,412380,NI-RT SAE-060 AGL P20 04P COM ALETA,UNIDADE,UN,,145,0,0,0,0
Aluminio,412043,"NI-RT SAE-060 AGL P22,0 2P (SOMENTE ROTOR P/INDUSTRIALIZAÇÃO)",UNIDADE,UN,,2496,0,0,0,0
Aluminio,813448,NI-RT SAE-060 AGL P24 04P,UNIDADE,UN,,5300,0,0,0,0
Aluminio,412094,NI-RT SAE-060 AGL P24 04P COM ALETA,UNIDADE,UN,,14466,0,0,0,0
Aluminio,412107,"NI-RT SAE-060 AGL P24,0 2P (SOMENTE ROTOR P/ INDUSTRIALIZAÇÃO)",UNIDADE,UN,,1629,0,0,0,0
Aluminio,412051,"NI-RT SAE-060 AGL P27,6 04P COM ALETA",UNIDADE,UN,,1915,0,0,0,0
Aluminio,412387,"NI-RT SAE-060 AGL P27,6 04P SEM ALETA",UNIDADE,UN,,191,0,0,0,0
Aluminio,412109,"NI-RT SAE-060 AGL P28,0 2P (SOMENTE ROTOR P/ INDUSTRIALIZAÇÃO)",UNIDADE,UN,,819,0,0,0,0
Aluminio,412092,NI-RT SAE-060 AGL P33 04P COM ALETA,UNIDADE,UN,,2553,0,0,0,0
Aluminio,412366,NI-RT SAE-060 AGL P33 04P SEM ALETA,UNIDADE,UN,,1283,0,0,0,0
Aluminio,412075,NI-RT SAE-060 AGL P39 04P COM ALETA,UNIDADE,UN,,910,0,0,0,0
Aluminio,412111,"NI-RT SAE-060 AGL P39,0 2P (SOMENTE ROTOR P/ INDUSTRIALIZAÇÃO)",UNIDADE,UN,,345,0,0,0,0
Aluminio,412089,NI-RT SAE-060 AGL P45 04P COM ALETA,UNIDADE,UN,,1100,0,0,0,0
Aluminio,412126,"NI-RT SAE-060 AGL P80,0 2P (SOMENTE ROTOR P/ INDUSTRIALIZAÇÃO)",UNIDADE,UN,,21,0,0,0,0
Aluminio,701159,PINO DESTRAVAMENTO MOTOR DZ INDUSTRIAL,UNIDADE,UN,,438,0,0,0,0
Aluminio,412139,"PS-ST SAE-060 AGL 16,8MM 2P (SOMENTE MOTOR P/ INDUSTRIALIZAÇÃO)",UNIDADE,UN,,520,0,0,0,0
Aluminio,412108,"PS-ST SAE-060 AGL 24,0MM 2P (SOMENTE MOTOR P/ INDUSTRIALIZAÇÃO)",UNIDADE,UN,,600,0,0,0,0
Aluminio,412110,"PS-ST SAE-060 AGL 28,0MM 2P (SOMENTE MOTOR P/ INDUSTRIALIZAÇÃO)",UNIDADE,UN,,600,0,0,0,0
Aluminio,412033,"PS-ST SAE-060 S/TRAT AGL 22,0MM 2P (SOMENTE MOTOR P/ INDUSTRIALIZAÇÃO)",UNIDADE,UN,,600,0,0,0,0
Aluminio,412037,"PS-ST SAE-060 S/TRAT AGL 39,0MM 2P (SOMENTE MOTOR P/ INDUSTRIALIZAÇÃO)",UNIDADE,UN,,600,0,0,0,0
Aluminio,813467,SUPORTE ORELHA C/ FURO FECHADO CANCELA LIGHT/SOLAR,UNIDADE,UN,,1271,0,0,0,0
Bobinagem,813346,EIXO AGL P39 P/ VENTOINHA,UNIDADE,UN,,464,0,0,0,0
Bobinagem,412145,ESTATOR BOBINADO AGL BV/NEW BV/PIVO P28 1/5 cv 04 42 220V 50Hz,UNIDADE,UN,,40,0,0,0,0
Bobinagem,412149,ESTATOR BOBINADO AGL BV/NEW BV/PIVO P33 1/3 cv 04 42z 220V 50Hz,UNIDADE,UN,,10,0,0,0,0
Bobinagem,412032,ESTATOR BOBINADO AGL DESL P17 1/7 cv 04 42Z 127V 60HZ,UNIDADE,UN,,18,0,0,0,0
Bobinagem,412031,ESTATOR BOBINADO AGL DESL P17 1-7 cv 04 42Z 3F 127V 60HZ,UNIDADE,UN,,70,0,0,0,0
Bobinagem,412156,ESTATOR BOBINADO AGL DESL P22 2P 127V 60HZ,UNIDADE,UN,,2229,0,0,0,0
Bobinagem,412080,ESTATOR BOBINADO AGL DESL P22 2P 220V 60HZ,UNIDADE,UN,,586,0,0,0,0
Bobinagem,412152,ESTATOR BOBINADO AGL DESL P24 1/4 CV 4P 3F 110V 60HZ,UNIDADE,UN,,68,0,0,0,0
Bobinagem,412160,ESTATOR BOBINADO AGL DESL P24 2P 127V 60HZ,UNIDADE,UN,,274,0,0,0,0
Bobinagem,412065,ESTATOR BOBINADO AGL DESL P24 2P 220V 60HZ,UNIDADE,UN,,585,0,0,0,0
Bobinagem,412006,ESTATOR BOBINADO AGL DESL P28 1/4 cv 04 42Z 127V 60Hz,UNIDADE,UN,,64,0,0,0,0
Bobinagem,412146,ESTATOR BOBINADO AGL DESL P28 1/4 cv 04 42Z 220V 50HZ,UNIDADE,UN,,66,0,0,0,0
Bobinagem,412026,ESTATOR BOBINADO AGL DESL P28 1/4 cv 04 42Z 220V 60Hz,UNIDADE,UN,,56,0,0,0,0
Bobinagem,412148,ESTATOR BOBINADO AGL DESL P28 2P 127V 60HZ,UNIDADE,UN,,447,0,0,0,0
Bobinagem,412154,ESTATOR BOBINADO AGL DESL P28 2P 220V 60HZ,UNIDADE,UN,,109,0,0,0,0
Bobinagem,412101,ESTATOR BOBINADO AGL DESL P33 1/4 cv 04 42Z 127V 60Hz,UNIDADE,UN,,27,0,0,0,0
Bobinagem,412164,ESTATOR BOBINADO AGL DESL P33 1/4 cv 04 42Z 220V 50Hz,UNIDADE,UN,,472,0,0,0,0
Bobinagem,412064,ESTATOR BOBINADO AGL DESL P39 2P 127V 60HZ,UNIDADE,UN,,799,0,0,0,0
Bobinagem,412157,ESTATOR BOBINADO AGL DESL P39 2P 220V 60HZ,UNIDADE,UN,,177,0,0,0,0
Bobinagem,412159,ESTATOR BOBINADO AGL DESL P39 4P 3F 110V 60HZ,UNIDADE,UN,,125,0,0,0,0
Bobinagem,412187,ESTATOR BOBINADO AGL DESL P45 ROBO STRONG 1/2 cv 06 42Z 127V 50/60Hz 6P,UNIDADE,UN,,31,0,0,0,0
Bobinagem,412102,ESTATOR BOBINADO AGL DESL P45 ROBO STRONG 1/2 cv 06 42Z 220V 50/60Hz 6P,UNIDADE,UN,,99,0,0,0,0
Bobinagem,412040,ESTATOR BOBINADO AGL DESL P45 STRONG 1/2 cv 04 42Z 220V 50/60Hz,UNIDADE,UN,,228,0,0,0,0
Bobinagem,412167,ESTATOR BOBINADO AGL DESL P45 1/2 cv 04 42Z 127V 60Hz,UNIDADE,UN,,191,0,0,0,0
Bobinagem,412376,ESTATOR BOBINADO AGL DESL P60 STRONG 1/3cv 04 42Z 127V 60HZ,UNIDADE,UN,,3,0,0,0,0
Bobinagem,412014,ESTATOR BOBINADO AGL DESL P60 STRONG 1/3cv 04 42Z 220V 60HZ,UNIDADE,UN,,84,0,0,0,0
Bobinagem,412169,ESTATOR BOBINADO AGL DESL P80 STRONG 3/4 127V 60HZ,UNIDADE,UN,,97,0,0,0,0
Bobinagem,412158,ESTATOR BOBINADO AGL DESL P80 STRONG 3/4 220V 50/60HZ,UNIDADE,UN,,52,0,0,0,0
Bobinagem,412121,ESTATOR BOBINADO AGL NEW BV P17 1/7 cv 04 42Z 127V 60HZ,UNIDADE,UN,,454,0,0,0,0
Bobinagem,412120,ESTATOR BOBINADO AGL NEW BV P17 1/7 cv 04 42Z 220V 60HZ,UNIDADE,UN,,42,0,0,0,0
Bobinagem,412024,ESTATOR BOBINADO AGL NEW BV P39 04 42Z 127V 60HZ,UNIDADE,UN,,1651,0,0,0,0
Bobinagem,412151,ESTATOR BOBINADO AGL NEW BV P39 04 42Z 220V 60HZ,UNIDADE,UN,,927,0,0,0,0
Bobinagem,412038,ESTATOR BOBINADO AGL NEW BV/BV SPEEDTURBO PRO P39 4P 3F 110V 60HZ,UNIDADE,UN,,295,0,0,0,0
Bobinagem,412374,ESTATOR P20 DESLIZANTE WEG 127V 60HZ,UNIDADE,UN,,377,0,0,0,0
Bobinagem,412396,ESTATOR P28 DESLIZANTE WEG 127V 60HZ,UNIDADE,UN,,191,0,0,0,0
Bobinagem,412395,ESTATOR P28 DESLIZANTE WEG 220V 60HZ,UNIDADE,UN,,6,0,0,0,0
Bobinagem,412394,ESTATOR P35 DESLIZANTE WEG 220V 60HZ,UNIDADE,UN,,48,0,0,0,0
Bobinagem,412399,ESTATOR P47 DESLIZANTE WEG 127V 60HZ,UNIDADE,UN,,134,0,0,0,0
Bobinagem,412021,ROTOR AGL DESL P24 4 POLOS EIXO C/ VENTOINHA,UNIDADE,UN,,857,0,0,0,0
Bobinagem,412147,ROTOR AGL NEW BV P28 4 POLOS,UNIDADE,UN,,2813,0,0,0,0
Bobinagem,412162,ROTOR AGL NEW BV P33 4 POLOS,UNIDADE,UN,,511,0,0,0,0
Bobinagem,412163,ROTOR AGL NEW BV P39 4 POLOS,UNIDADE,UN,,466,0,0,0,0
Bobinagem,412393,ROTOR P35 DESLIZANTE 4P WEG,UNIDADE,UN,,619,0,0,0,0
Plastico,36900,ABS ALTO BRILHO PRETO,KG,KG,,100,0,0,0,0
Plastico,301019,ABS CINZA,QUILOGRAMA,KG,,11185,0,0,0,0
Plastico,301027,ABS CRISTAL,QUILOGRAMA,UN,,50,0,0,0,0
Plastico,301002,ABS INDUSTRIAL PRETO,QUILOGRAMA,KG,,2068,0,0,0,0
Plastico,301001,ABS VIRGEM,QUILOGRAMA,KG,,472,0,0,0,0
Plastico,804241,"ACABAMENTO BATENTE BRANCO LINHA RX / MINI SMART 1,50MM X 119MM (N°2)",UNIDADE,UN,,1510,0,0,0,0
Plastico,804243,"ACABAMENTO BATENTE BRANCO LINHA RX / MINI SMART 3,5MM X 119MM (N°1)",UNIDADE,UN,,2706,0,0,0,0
Plastico,804238,"ACABAMENTO BATENTE PRETO LINHA RX / MINI SMART 1,50MM X 119MM (N°2)",UNIDADE,UN,,8092,0,0,0,0
Plastico,804240,"ACABAMENTO BATENTE PRETO LINHA RX / MINI SMART 3,5MM X 119MM (N°1)",UNIDADE,UN,,4017,0,0,0,0
Plastico,804242,"ACABAMENTO DO BATENTE MINI SMART 2,7MMX119MM - BRANCO (N°3)",UNIDADE,UN,,2390,0,0,0,0
Plastico,804239,"ACABAMENTO DO BATENTE MINI SMART 2,70MMX119MM - PRETO (N°3)",UNIDADE,UN,,4785,0,0,0,0
Plastico,804462,ACABAMENTO DO TUBO INOX PIVÔ/BARREIRA ARTICULADA,UNIDADE,UN,,548,0,0,0,0
Plastico,804449,ACABAMENTO LATERAL SAFE BOX,UNIDADE,UN,,1029,0,0,0,0
Plastico,710001,ACABAMENTO MAÇANETA BOLA - BRUTO,UNIDADE,UN,,5138,0,0,0,0
Plastico,804287,ACABAMENTO PERFIL BARREIRA C/ FURO,UNIDADE,UN,,6965,0,0,0,0
Plastico,804256,ACABAMENTO PERFIL BARREIRA S/ FURO,UNIDADE,UN,,894,0,0,0,0
Plastico,804323,ACABAMENTO RECORTE PV,UNIDADE,UN,,4573,0,0,0,0
Plastico,804547,ACABAMENTO REDONDO DO CILINDRO DA BT-100 - BRANCO,UNIDADE,UN,,1558,0,0,0,0
Plastico,804546,ACABAMENTO REDONDO DO CILINDRO DA BT-100 - PRETO,UNIDADE,UN,,11868,0,0,0,0
Plastico,804216,ACABAMENTO REDONDO DO CILINDRO DA RX500 - BRANCO,UNIDADE,UN,,2162,0,0,0,0
Plastico,804217,ACABAMENTO REDONDO DO CILINDRO DA RX500 - PRETO,UNIDADE,UN,,1766,0,0,0,0
Plastico,804232,ACABAMENTO RETANGULAR DO CILINDRO DA RX200 - BRANCO,UNIDADE,UN,,8989,0,0,0,0
Plastico,804233,ACABAMENTO RETANGULAR DO CILINDRO DA RX200 - PRETO,UNIDADE,UN,,19161,0,0,0,0
Plastico,813483,ACIONADOR DA MICRO CHAVE BV CADENA,UNIDADE,UN,,2450,0,0,0,0
Plastico,801079,ACIONADOR DA TAMPA COM BOTÃO MINI/AL100/AL100R,UNIDADE,UN,,2014,0,0,0,0
Plastico,804535,ACIONADOR ROTATIVO FECHADURA T12S - PRETO,UNIDADE,UN,,411,0,0,0,0
Plastico,301009,ACRILICO CRISTAL LEP100 INCOLOR,QUILOGRAMA,KG,,52,0,0,0,0
Plastico,813009,ALAVANCA PARA DESTRAVAMENTO MANUAL,UNIDADE,UN,,7302,0,0,0,0
Plastico,804188,ALÇA DO CONTROLE REMOTO INTER. DIGI. DIGITAL KEY BRANCO,UNIDADE,UN,,26639,0,0,0,0
Plastico,804177,ALÇA DO CONTROLE REMOTO INTER. DIGI. DIGITAL KEY PRETO,UNIDADE,UN,,48913,0,0,0,0
Plastico,804270,ALMA DO BOTÃO S500,UNIDADE,UN,,22460,0,0,0,0
Plastico,208006,ANEL ENCODER - IMÃ REDONDO (ROUND MAGNET),UNIDADE,UN,,39400,1,44478,0,35822
Plastico,804114,ARRUELA FIXAÇÃO 4MM VP4,UNIDADE,UN,,7194,0,0,0,0
Plastico,804210,ARRUELA MAÇANETA PV,UNIDADE,UN,,27376,0,0,0,0
Plastico,804516,ATIVADOR MICRO SWICTH,UNIDADE,UN,,3011,0,0,0,0
Plastico,804084,BASE BOBINA 12V / 24V / 110V,UNIDADE,UN,,6121,0,0,0,0
Plastico,813503,BASE CENTRAL AUTOMAÇÃO 433 & WIFI 04-08 CANAIS,UNIDADE,UN,,458,0,0,0,0
Plastico,813038,BASE CENTRAL DO BV,UNIDADE,UN,,2778,0,0,0,0
Plastico,813257,BASE CENTRAL NEW BV,UNIDADE,UN,,3529,0,0,0,0
Plastico,804247,BASE DA CENTRAL DESLIZANTE,UNIDADE,UN,,5335,0,0,0,0
Plastico,813152,BASE DA CENTRAL DESLIZANTE INVERTER,UNIDADE,UN,,1323,0,0,0,0
Plastico,804326,BASE DE PROTEÇÃO DA CENTRAL NEW PIVO,UNIDADE,UN,,3611,0,0,0,0
Plastico,804512,BASE DE VEDAÇÃO TRAVA ELETROMAGNÉTICA (MODELO NOVO),UNIDADE,UN,,19555,0,0,0,0
Plastico,804107,BASE DO MODULO DA TRAVA,UNIDADE,UN,,5521,0,0,0,0
Plastico,804198,BASE DO NOBREAK 12V 2A,UNIDADE,UN,,2048,0,0,0,0
Plastico,804374,BASE DO NOBREAK 12V 7A,UNIDADE,UN,,2228,0,0,0,0
Plastico,804597,BASE DO TECLADO CONTROLE DE ACESSO VISION LIGHT WEB,UNIDADE,UN,,1492,0,0,0,0
Plastico,804081,BASE INFERIOR DA CENTRAL PCD-40/PCD-80,UNIDADE,UN,,1049,0,0,0,0
Plastico,804166,BASE INFERIOR DO CONTROLE REMOTO INTER. DIGI. DIGITAL KEY - BRANCO,UNIDADE,UN,,20586,0,0,0,0
Plastico,804165,BASE INFERIOR DO CONTROLE REMOTO INTER. DIGI. DIGITAL KEY - PRETO,UNIDADE,UN,,52588,0,0,0,0
Plastico,813151,BASE INFERIOR NYLON MOTORES DESLIZANTES,UNIDADE,UN,,3365,0,0,0,0
Plastico,804542,BASE INFERIOR PP MOTORES DESLIZANTES,UNIDADE,UN,,3988,0,0,0,0
Plastico,804139,BASE INTERFONE P10S / P10X / S100 / S300 - BRANCO,UNIDADE,UN,,13305,0,0,0,0
Plastico,804140,BASE INTERFONE P10S / P10X / S100 / S300 - PRETO,UNIDADE,UN,,1349,0,0,0,0
Plastico,804006,BASE INTERFONE P20 / P100 / P200 - BRANCO,UNIDADE,UN,,3175,0,0,0,0
Plastico,804013,BASE INTERFONE P20 / P100 / P200 - PRETO,UNIDADE,UN,,2338,0,0,0,0
Plastico,804194,BASE INTERFONE TDI 100 - BRANCA,UNIDADE,UN,,6850,0,0,0,0
Plastico,804519,BASE MODULO INTERFACE/INTEGRAÇÃO,UNIDADE,UN,,117,0,0,0,0
Plastico,804138,BASE MONOFONE P10S / P10X / S100 / S300 - PRETO,UNIDADE,UN,,5437,0,0,0,0
Plastico,804329,BASE MONOFONE P10S / P10X / S100 / S300 / TDI 100 - BRANCO,UNIDADE,UN,,8066,0,0,0,0
Plastico,804005,BASE MONOFONE P20 / P100 / P200 - BRANCO,UNIDADE,UN,,11199,0,0,0,0
Plastico,804011,BASE MONOFONE P20 / P100 / P200 - PRETO,UNIDADE,UN,,2027,0,0,0,0
Plastico,804472,BASE MONOFONE VP4,UNIDADE,UN,,1213,0,0,0,0
Plastico,804459,BASE NOBREAK LITHIUM/PORTA DE ENROLAR,UNIDADE,UN,,1413,0,0,0,0
Plastico,804142,BASE SUPERIOR COM LOGO DO CONTROLE REMOTO INTER. DIGI. DIGITAL KEY - BRANCO,UNIDADE,UN,,6455,0,0,0,0
Plastico,804123,BASE SUPERIOR COM LOGO DO CONTROLE REMOTO INTER. DIGI. DIGITAL KEY - PRETO,UNIDADE,UN,,53172,0,0,0,0
Plastico,804080,BASE SUPERIOR DA CENTRAL PCD-40/PCD-80,UNIDADE,UN,,102,0,0,0,0
Plastico,804246,BASE SUPERIOR NYLON DO MOTOR DESLIZANTE,UNIDADE,UN,,4317,0,0,0,0
Plastico,804261,BASE SUPERIOR NYLON DO MOTOR DESLIZANTE C/ ENCODER,UNIDADE,UN,,1436,0,0,0,0
Plastico,804540,BASE SUPERIOR PP DO MOTOR DESLIZANTE,UNIDADE,UN,,4188,0,0,0,0
Plastico,804541,BASE SUPERIOR PP DO MOTOR DESLIZANTE C/ ENCODER,UNIDADE,UN,,47,0,0,0,0
Plastico,804310,BASE SUPERIOR SEM LOGO DO CONTROLE REMOTO INTER. DIGI. DIGITAL KEY - BRANCO,UNIDADE,UN,,2194,0,0,0,0
Plastico,804259,BASE SUPERIOR SEM LOGO DO CONTROLE REMOTO INTER. DIGI. DIGITAL KEY - PRETO,UNIDADE,UN,,5996,0,0,0,0
Plastico,804276,BATOQUE ACIONADOR AF12-IRE BRANCO (EMBUTIR),UNIDADE,UN,,489,0,0,0,0
Plastico,804324,BLOQUEIO DE CARTÃO PV,UNIDADE,UN,,11431,0,0,0,0
Plastico,804118,BORRACHA PASSANTE,UNIDADE,UN,,16220,0,0,0,0
Plastico,804604,BOTÃO ABERTURA ELETRÔNICO EXTERNA FECHADURAS RX / BT-100 / BT-1 / SMART X3 - BRANCO (MODELO NOVO RET,UNIDADE,UN,,200,0,0,0,0
Plastico,804595,BOTÃO ABERTURA ELETRÔNICO EXTERNA FECHADURAS RX / BT-100 / BT-1 / SMART X3 (MODELO NOVO RETRANGULAR),UNIDADE,UN,,3891,0,0,0,0
Plastico,804224,BOTÃO ABERTURA ELETRÔNICO FECHADURA RX100 / RX200 / RX500 - BRANCO,UNIDADE,UN,,1235,0,0,0,0
Plastico,804225,BOTÃO ABERTURA ELETRÔNICO FECHADURAS RX / BT-100 / BT-1 / SMART X3 (MODELO ANTIGO) - PRETO,UNIDADE,UN,,2160,0,0,0,0
Plastico,804603,BOTÃO ABERTURA MANUAL  EXTERNA FECHADURAS RX / BT-100 / BT-1 / SMART X3 - BRANCO (MODELO NOVO RETRAN,UNIDADE,UN,,2549,0,0,0,0
Plastico,804596,BOTÃO ABERTURA MANUAL  EXTERNA FECHADURAS RX / BT-100 / BT-1 / SMART X3 (MODELO NOVO RETRANGULAR),UNIDADE,UN,,4284,0,0,0,0
Plastico,804226,BOTÃO ABERTURA MANUAL FECHADURA RX100 / RX200 / RX500 - BRANCO,UNIDADE,UN,,5313,0,0,0,0
Plastico,804227,BOTÃO ABERTURA MANUAL FECHADURAS RX / BT-100 / BT-1 / SMART X3 (MODELO ANTIGO) - PRETO,UNIDADE,UN,,7564,0,0,0,0
Plastico,804111,BOTÃO AL100R / AL100 / MINI / IX100 - AZUL,UNIDADE,UN,,5100,0,0,0,0
Plastico,804127,BOTÃO AL100R / AL100 / MINI / IX100 - CINZA,UNIDADE,UN,,4500,0,0,0,0
Plastico,804477,BOTÃO CENTRAL PORTEIRO COLETIVO INDIVIDUAL S-300,UNIDADE,UN,,30368,0,0,0,0
Plastico,804357,BOTÃO CENTRAL PORTEIRO ELETRONICO COLETIVO,UNIDADE,UN,,92540,0,0,0,0
Plastico,804204,BOTÃO DA TRAVA DE SEGURANÇA DA FECHADURA DE SOBREPOR - BRANCA,UNIDADE,UN,,2745,0,0,0,0
Plastico,804205,BOTÃO DA TRAVA DE SEGURANÇA DA FECHADURA DE SOBREPOR - PRETO,UNIDADE,UN,,18351,0,0,0,0
Plastico,804236,BOTÃO DO ACIONADOR ELETRONICO MINI SMART - BRANCO,UNIDADE,UN,,220,0,0,0,0
Plastico,804237,BOTÃO DO ACIONADOR ELETRONICO MINI SMART - PRETO,UNIDADE,UN,,8680,0,0,0,0
Plastico,804353,BOTÃO INTERFONE P10S / P10X / S100 / S300 - PRETO,UNIDADE,UN,,21425,0,0,0,0
Plastico,804007,BOTÃO INTERFONE P20 / P100 / P200 - CINZA,UNIDADE,UN,,21131,0,0,0,0
Plastico,804316,BOTÃO INTERFONE P20 / P100 / P200 - VERDE,UNIDADE,UN,,24500,0,0,0,0
Plastico,804478,BOTÃO LATERAL PORTEIRO COLETIVO INDIVIDUAL S-300,UNIDADE,UN,,58857,0,0,0,0
Plastico,804358,BOTÃO LATERAL PORTEIRO ELETRONICO COLETIVO,UNIDADE,UN,,852,0,0,0,0
Plastico,804503,BOTÃO PORTEIRO CINZA,UNIDADE,UN,,7604,0,0,0,0
Plastico,804029,BOTÃO PORTEIRO P10 / P20 / P200 / P100 - AZUL,UNIDADE,UN,,28214,0,0,0,0
Plastico,804412,BOTÃO PORTEIRO P10X - PRETO,UNIDADE,UN,,59800,0,0,0,0
Plastico,804030,BOTÃO PORTEIRO VERDE,UNIDADE,UN,,35763,0,0,0,0
Plastico,804033,BOTÃO PORTEIRO VERMELHO,UNIDADE,UN,,11697,0,0,0,0
Plastico,804113,BOTÃO PRETO ACABAMENTO CILINDRO,UNIDADE,UN,,12615,0,0,0,0
Plastico,804001,BOTÃO REDONDO ACIONADOR / BOTEIRA / CAMPAINHA DIGITAL - CINZA,UNIDADE,UN,,1838,0,0,0,0
Plastico,813172,BUCHA DE APOIO DO EIXO NO SUPORTE ORELHA,UNIDADE,UN,,61360,0,0,0,0
Plastico,813410,BUCHA DE CENTRAGEM DO EIXO DO ROTOR DZ,UNIDADE,UN,,25558,0,0,0,0
Plastico,813043,BUCHA DE CENTRAGEM DO SEM FIM DO BV/PIVO,UNIDADE,UN,,74035,0,0,0,0
Plastico,813235,BUCHA DO EIXO DESLIZANTE SEXTAVADA,UNIDADE,UN,,63037,0,0,0,0
Plastico,813006,BUCHA DO MANCAL INFERIOR,UNIDADE,UN,,9541,0,0,0,0
Plastico,804550,BUCHA PARA ROLAMENTO MOTORES DESLIZANTES/TANQUINHOS,UNIDADE,UN,,14574,0,0,0,0
Plastico,804615,BUCHA PARA ROLAMENTO MOTORES DESLIZANTES/TANQUINHOS 12MM,UNIDADE,UN,,42748,0,0,0,0
Plastico,402036,BUCHA PLASTICA N06,UNIDADE,UN,,47408,0,0,0,0
Plastico,804564,CAIXA DO ESPELHO FOTOCÉLULA REFLETIVA SIMPLIFIQUE,UNIDADE,UN,,1936,0,0,0,0
Plastico,804560,CAIXA DO SENSOR FOTOCÉLULA ATIVA E REFLETIVA SIMPLIFIQUE,UNIDADE,UN,,1013,0,0,0,0
Plastico,813260,CALÇO DO ESTATOR NEW BV,UNIDADE,UN,,8849,0,0,0,0
Plastico,813515,CALÇO DO ESTATOR P28 BV/PIVO,UNIDADE,UN,,13858,0,0,0,0
Plastico,804245,CAPA CARRETEL DA TRAVA ELETROMAGNETICA,UNIDADE,UN,,7100,0,0,0,0
Plastico,804575,CAPA DO CILINDO COM LOGO NOVO MODELO ULTRA - BRANCA,UNIDADE,UN,,5083,0,0,0,0
Plastico,804573,CAPA DO CILINDO COM LOGO NOVO MODELO ULTRA - PRETA,UNIDADE,UN,,6291,0,0,0,0
Plastico,804574,CAPA DO CILINDO SEM LOGO NOVO MODELO ULTRA - BRANCA,UNIDADE,UN,,3505,0,0,0,0
Plastico,804572,CAPA DO CILINDO SEM LOGO NOVO MODELO ULTRA - PRETA,UNIDADE,UN,,8528,0,0,0,0
Plastico,804203,CAPA DO CILINDRO DA FECHADURA DE SOBREPOR - BRANCO,UNIDADE,UN,,4090,0,0,0,0
Plastico,804202,CAPA DO CILINDRO DA FECHADURA DE SOBREPOR - PRETO,UNIDADE,UN,,8570,0,0,0,0
Plastico,804405,CAPA DO CILINDRO DA FECHADURA DE SOBREPOR TETRA - PRETA,UNIDADE,UN,,5978,0,0,0,0
Plastico,804281,CAPA DO CILINDRO DA LINHA ULTRA - BRANCO,UNIDADE,UN,,1368,0,0,0,0
Plastico,804280,CAPA DO CILINDRO DA LINHA ULTRA - PRETO,UNIDADE,UN,,7620,0,0,0,0
Plastico,804124,CAPA DO CILINDRO DA TAMPA CHAVE SIMPLES AGL - BRANCO,UNIDADE,UN,,6445,0,0,0,0
Plastico,804120,CAPA DO CILINDRO DA TAMPA CHAVE SIMPLES AGL PRETA,UNIDADE,UN,,34798,0,0,0,0
Plastico,804493,CAPA DO CILINDRO DA TAMPA CHAVE SIMPLES BRANCA TERC. LISA,UNIDADE,UN,,540,0,0,0,0
Plastico,804492,CAPA DO CILINDRO DA TAMPA CHAVE SIMPLES PRETA TERC. LISA,UNIDADE,UN,,10984,0,0,0,0
Plastico,804121,CAPA DO CILINDRO DA TAMPA CHAVE TETRA AGL - PRETO,UNIDADE,UN,,9120,0,0,0,0
Plastico,804335,CAPA DO CILINDRO PARA BOTÃO AGL - CINZA,UNIDADE,UN,,3486,0,0,0,0
Plastico,804215,CAPA DO CILINDRO PARA BOTÃO LISA - BRANCO,UNIDADE,UN,,340,0,0,0,0
Plastico,804491,CAPA DO CILINDRO PARA BOTÃO LISA - CINZA,UNIDADE,UN,,1600,0,0,0,0
Plastico,804211,CAPA DO CILINDRO PARA BOTÃO LISA - PRETO,UNIDADE,UN,,1219,0,0,0,0
Plastico,804260,CAPA DO CILINDRO PARA BOTÃO SEG - PRETO,UNIDADE,UN,,1349,0,0,0,0
Plastico,804448,CAPA DO LED DA PLACA CERCA ELETRICA,UNIDADE,UN,,3000,0,0,0,0
Plastico,804104,CAPA DO LEITOR CA500,UNIDADE,UN,,1273,0,0,0,0
Plastico,804430,CAPA DO ROLAMENTO DOS MOTORES,UNIDADE,UN,,41478,0,0,0,0
Plastico,804282,CARCAÇA ANTENA INTERNA MAGIC / MAGIC CARD / ULTRA CARD - PRETO,UNIDADE,UN,,5062,0,0,0,0
Plastico,804555,CARCAÇA CA BIO AL100R BIO CARD/BT1 - PRETA,UNIDADE,UN,,3228,0,0,0,0
Plastico,804220,CARCAÇA EXTERNA FECHADURA RX100 / RX200 / RX500 BRANCA - (MODELO ANTIGO),UNIDADE,UN,,775,0,0,0,0
Plastico,804601,CARCAÇA EXTERNA FECHADURAS RX / BT-100 / BT-1 / SMART X3 - BRANCA(MODELO NOVO RETRANGULAR),UNIDADE,UN,,662,0,0,0,0
Plastico,804221,CARCAÇA EXTERNA FECHADURAS RX / BT-100 / BT-1 / SMART X3 (MODELO ANTIGO) - PRETO,UNIDADE,UN,,1096,0,0,0,0
Plastico,804593,CARCAÇA EXTERNA FECHADURAS RX / BT-100 / BT-1 / SMART X3 (MODELO NOVO RETRANGULAR),UNIDADE,UN,,2101,0,0,0,0
Plastico,804355,CARCAÇA INFERIOR DA CERCA ELÉTRICA - BRANCO,UNIDADE,UN,,1391,0,0,0,0
Plastico,804611,CARCAÇA INFERIOR DA CERCA ELÉTRICA - BRANCO (MODELO NOVO),UNIDADE,UN,,649,0,0,0,0
Plastico,804063,CARCAÇA PENDRIVE,UNIDADE,UN,,2329,0,0,0,0
Plastico,804268,CARCAÇA SINALEIRA VISION LED - BRANCO,UNIDADE,UN,,1191,0,0,0,0
Plastico,804265,CARCAÇA SINALEIRA VISION LED - PRETO,UNIDADE,UN,,1291,0,0,0,0
Plastico,804354,CARCAÇA SUPERIOR DA CERCA ELÉTRICA - BRANCO,UNIDADE,UN,,1286,0,0,0,0
Plastico,804610,CARCAÇA SUPERIOR DA CERCA ELÉTRICA - BRANCO (MODELO NOVO),UNIDADE,UN,,565,0,0,0,0
Plastico,804348,CARRETEL BOBINA CERCA ELÉTRICA,PC,UN,,5192,0,0,0,0
Plastico,804509,CARRETEL DA TRAVA ELETROMAGNÉTICA (MODELO NOVO),UNIDADE,UN,,14559,0,0,0,0
Plastico,804321,CARRETEL DO FECHO,UNIDADE,UN,,4717,0,0,0,0
Plastico,804363,CARRETEL DO TRAFO DA CERCA ELÉTRICA,UNIDADE,UN,,37425,0,0,0,0
Plastico,804409,CARRETEL TRANSFORMADOR CENTRAL DUPLA,PC,UN,,12667,0,0,0,0
Plastico,804417,CARRETEL TRANSFORMADOR CENTRAL FLEX/BASIC G,PC,UN,,51158,0,0,0,0
Plastico,804436,CARRETEL TRANSFORMADOR CENTRAL INVERSORA,PC,UN,,12315,0,0,0,0
Plastico,804399,CARRETEL TRANSFORMADOR INTERFONES,UNIDADE,UN,,20550,0,0,0,0
Plastico,804554,CARTUCHO DA PORCA DE 5 ENTRADAS,UNIDADE,UN,,2400,0,0,0,0
Plastico,813610,CARTUCHO DA PORCA DE 6 ENTRADAS,UNIDADE,UN,,1120,0,0,0,0
Plastico,813540,CARTUCHO DA PORCA DE 6 ENTRADAS P.60 1/2,UNIDADE,UN,,4514,0,0,0,0
Plastico,813532,CARTUCHO DA PORCA 4 ENTRADAS,UNIDADE,UN,,3770,0,0,0,0
Plastico,813518,CARTUCHO DA PORCA 6 ENTRADAS P.60 5/8'',UNIDADE,UN,,7600,0,0,0,0
Plastico,813507,CASE DE PROTEÇÃO DO MÓDULO WIFI IZZY,UNIDADE,UN,,7200,0,0,0,0
Plastico,813250,CHAVE CILINDRO MOTOR DESLIZANTE NYLON (MODELO NOVO),UNIDADE,UN,,10204,0,0,0,0
Plastico,813249,CILINDRO MOTOR DESLIZANTE NYLON,UNIDADE,UN,,50772,0,0,0,0
Plastico,301048,COMP. DESMOPAN TPU (DP.192 DPS700-37B14C0108),QUILOGRAMA,KG,,33,0,0,0,0
Plastico,301037,COMP. PVC CRISTAL 55/200,QUILOGRAMA,KG,,25,0,0,0,0
Plastico,813527,COPO DO PINO ELÁSTICO DO EIXO ESTAMPADO,UNIDADE,UN,,13002,0,0,0,0
Plastico,804549,COROA DO MOVIMENTADOR BV/PIVO NYLON Ø 17MM,UNIDADE,UN,,3168,0,0,0,0
Plastico,804444,DIFUSOR DE LUZ CERCA ELÉTRICA/NOBREAK,UNIDADE,UN,,7761,0,0,0,0
Plastico,804422,DIFUSOR DE LUZ INTERFONIA,UNIDADE,UN,,7993,0,0,0,0
Plastico,813529,DISCO DO ENCODER DZ (LADO FÊMEA),UNIDADE,UN,,5835,0,0,0,0
Plastico,813528,DISCO DO ENCODER DZ (LADO MACHO),UNIDADE,UN,,7229,0,0,0,0
Plastico,804064,DISPOSITIVO DE GANCHO MESA/PAREDE TDI100,UNIDADE,UN,,11755,0,0,0,0
Plastico,813041,EIXO DE TRAÇÃO DO BASCULANTE (MODELO ANTIGO),UNIDADE,UN,,9328,0,0,0,0
Plastico,804098,EIXO ROLDANA GRANDE,UNIDADE,UN,,232252,0,0,0,0
Plastico,804099,EIXO ROLDANA PEQUENA,UNIDADE,UN,,130730,0,0,0,0
Plastico,804212,ENCOSTO PARA CHAPA DO BATENTE PV,UNIDADE,UN,,574,0,0,0,0
Plastico,813539,ENGRENAGEM INTERNA DE 1 ENTRADA C/IMÃ NYLON 6 15% FV,UNIDADE,UN,,1190,0,0,0,0
Plastico,813094,ENGRENAGEM INTERNA DE 1 ENTRADA DZ E NEWBV COM IMÃ,UNIDADE,UN,,1600,0,0,0,0
Plastico,813289,ENGRENAGEM INTERNA DE 1 ENTRADA DZ E NEWBV SEM IMÃ,UNIDADE,UN,,4800,0,0,0,0
Plastico,813506,ENGRENAGEM INTERNA 1 ENTRADA PARA MOTOR INDUSTRIAL DE NYLON,UNIDADE,UN,,850,0,0,0,0
Plastico,804231,ENGRENAGEM MINI MOTOR DC N20GM - DC GEAR MOTOR - MODELO: N20GM,UNIDADE,UN,,7387,0,0,0,0
Plastico,813247,ENGRENAGEM 2 ENTRADAS NEW BV COM IMÃ,UNIDADE,UN,,1080,0,0,0,0
Plastico,813295,ENGRENAGEM 2 ENTRADAS NEW BV SEM IMÃ,UNIDADE,UN,,3646,0,0,0,0
Plastico,804586,ESPAÇADOR DO ROLETE FECHADURA T12S - BRANCO,UNIDADE,UN,,1527,0,0,0,0
Plastico,804536,ESPAÇADOR DO ROLETE FECHADURA T12S - PRETO,UNIDADE,UN,,416,0,0,0,0
Plastico,804356,ESPELHO DA FECHADURA AL100 / AL100R /MINI / ULTRA / SOBREPOR - PRETO,UNIDADE,UN,,23711,0,0,0,0
Plastico,105070,FITA GOMADA APK 80 C/REFORCO IMP,KG,KG,AGL ELETRONICOS,26,0,0,0,0
Plastico,804105,FRENTE ACIONADOR AF12-IRE - BRANCO,UNIDADE,UN,,1326,0,0,0,0
Plastico,804253,FRENTE CA1000 DUO BIO/CARD - BRANCO,UNIDADE,UN,,1737,0,0,0,0
Plastico,804254,FRENTE CA1000 DUO BIO/CARD - PRETO,UNIDADE,UN,,392,0,0,0,0
Plastico,804441,FRENTE CA2000S/AF12 TOUCH (NOVO MODELO),UNIDADE,UN,,4219,0,0,0,0
Plastico,804157,FRENTE FURO REDONDO P10S - CINZA,UNIDADE,UN,,762,0,0,0,0
Plastico,804018,FRENTE FURO REDONDO P10S / P20 - BRANCO,UNIDADE,UN,,1946,0,0,0,0
Plastico,804017,FRENTE FURO REDONDO P10S / P20 / P200 - PRETO,UNIDADE,UN,,2403,0,0,0,0
Plastico,804144,FRENTE FURO RETANGULAR P20 / P200 - CINZA,UNIDADE,UN,,825,0,0,0,0
Plastico,804252,FRENTE FURO RETANGULAR P200 - BRANCO,UNIDADE,UN,,858,0,0,0,0
Plastico,804251,FRENTE FURO RETANGULAR P200 - PRETO,UNIDADE,UN,,2907,0,0,0,0
Plastico,804004,FRENTE INFRAVERMELHO AF12-IRS / CA1000 BIO CARD DUO / CA1200S CARD/DUO - BRANCO,UNIDADE,UN,,2408,0,0,0,0
Plastico,804042,FRENTE INFRAVERMELHO AF12-IRS / CA1000 BIO CARD DUO / CA1200S CARD/DUO - PRETO,UNIDADE,UN,,5376,0,0,0,0
Plastico,804182,FRENTE LISA C/ DIFUSOR - INTERFONIA - BRANCO,UNIDADE,UN,,9434,0,0,0,0
Plastico,804488,FRENTE LISA C/ DIFUSOR - INTERFONIA - PRETO,UNIDADE,UN,,7581,0,0,0,0
Plastico,804489,FRENTE LISA S/ DIFUSOR - INTERFONIA - BRANCO,UNIDADE,UN,,2566,0,0,0,0
Plastico,804311,FRENTE MONITOR VP4,UNIDADE,UN,,1015,0,0,0,0
Plastico,804184,FRENTE MONITOR VP7,UNIDADE,UN,,2645,0,0,0,0
Plastico,804523,FRENTE PAINEL AGL BT-100 BIO APP - BRANCA,UNIDADE,UN,,704,0,0,0,0
Plastico,804522,FRENTE PAINEL AGL BT-100 BIO APP - PRETA,UNIDADE,UN,,2238,0,0,0,0
Plastico,804570,FRENTE PAINEL AGL T12S BIO APP - BRANCA,UNIDADE,UN,,1431,0,0,0,0
Plastico,804552,FRENTE PAINEL AGL T12S BIO APP - PRETA,UNIDADE,UN,,372,0,0,0,0
Plastico,804234,FRENTE PAINEL RX200 - BRANCO,UNIDADE,UN,,564,0,0,0,0
Plastico,804235,FRENTE PAINEL RX200 - PRETO,UNIDADE,UN,,1759,0,0,0,0
Plastico,804495,FRENTE PAINEL RX200 P/ BIOMETRIA - PRETO,UNIDADE,UN,,1128,0,0,0,0
Plastico,804218,FRENTE PAINEL RX500 - BRANCO,UNIDADE,UN,,637,0,0,0,0
Plastico,804219,FRENTE PAINEL RX500 - PRETO,UNIDADE,UN,,1509,0,0,0,0
Plastico,804082,FRENTE PCD 12,UNIDADE,UN,,1148,0,0,0,0
Plastico,804410,FRENTE PORTEIRO P10 X - PRETO,UNIDADE,UN,,2783,0,0,0,0
Plastico,804067,FRENTE PORTEIRO S100 - PRETO,UNIDADE,UN,,1714,0,0,0,0
Plastico,804385,FRENTE PORTEIRO S300 - PRETO,UNIDADE,UN,,3751,0,0,0,0
Plastico,804507,FRENTE PORTEIRO VP4/VP7,UNIDADE,UN,,169,0,0,0,0
Plastico,804073,FRENTE S300 12 PONTOS,UNIDADE,UN,,2439,0,0,0,0
Plastico,804074,FRENTE S300 16 PONTOS,UNIDADE,UN,,3676,0,0,0,0
Plastico,804071,FRENTE S300 4 PONTOS,UNIDADE,UN,,251,0,0,0,0
Plastico,804072,FRENTE S300 8 PONTOS,UNIDADE,UN,,2145,0,0,0,0
Plastico,804534,FRENTE S500 APP 16 PONTOS,UNIDADE,UN,,360,0,0,0,0
Plastico,804612,FRENTE S500 APP 24 PONTOS,UNIDADE,UN,,122,0,0,0,0
Plastico,804532,FRENTE S500 APP 8 PONTOS,UNIDADE,UN,,268,0,0,0,0
Plastico,804480,FRENTE S500 12 PONTOS,UNIDADE,UN,,1918,0,0,0,0
Plastico,804481,FRENTE S500 16 PONTOS,UNIDADE,UN,,473,0,0,0,0
Plastico,804476,FRENTE S500 4 PONTOS,UNIDADE,UN,,3350,0,0,0,0
Plastico,804479,FRENTE S500 6 PONTOS,UNIDADE,UN,,1453,0,0,0,0
Plastico,804133,FRENTE S500 8 PONTOS,UNIDADE,UN,,848,0,0,0,0
Plastico,804002,FRENTE 1 BOTÃO BOTOEIRA/ACIONADOR - BRANCO,UNIDADE,UN,,2881,0,0,0,0
Plastico,804271,FRENTE 1 BOTÃO BOTOEIRA/ACIONADOR - PRETO,UNIDADE,UN,,4488,0,0,0,0
Plastico,804181,FRENTE 2 BOTÕES BOTOEIRA/ACIONADOR - BRANCO,UNIDADE,UN,,112,0,0,0,0
Plastico,804178,FRISO DO CONTROLE DE ACESSO CA500,UNIDADE,UN,,1407,0,0,0,0
Plastico,804039,FRISO ESTREITO COLETIVO,UNIDADE,UN,,5250,0,0,0,0
Plastico,804069,FRISO FRENTE PAINEL PORTEIRO S100/S300/VP4/VP7,UNIDADE,UN,,4026,0,0,0,0
Plastico,804037,FRISO LARGO COLETIVO,UNIDADE,UN,,2163,0,0,0,0
Plastico,804027,FRISO PORTEIRO P10S / P20 / P200 - CINZA,UNIDADE,UN,,4200,0,0,0,0
Plastico,804028,FRISO PORTEIRO P10S / P20 / P200 - PRETO,UNIDADE,UN,,8793,0,0,0,0
Plastico,804511,FUNDO ABS KIT SINALIZADOR PUXE/EMPURRE,UNIDADE,UN,,1451,0,0,0,0
Plastico,804485,FUNDO ACIONADOR CAMPAINHA (INTERIOR) - BRANCO,UNIDADE,UN,,3637,0,0,0,0
Plastico,804486,FUNDO ACIONADOR CAMPAINHA (INTERIOR) - PRETO,UNIDADE,UN,,2541,0,0,0,0
Plastico,804003,FUNDO ACIONADOR INTERFONIA - BRANCO,UNIDADE,UN,,5070,0,0,0,0
Plastico,804277,FUNDO ACIONADOR INTERFONIA - PRETO,UNIDADE,UN,,4488,0,0,0,0
Plastico,804274,FUNDO AGL AF12-IRE - BRANCO,UNIDADE,UN,,1951,0,0,0,0
Plastico,804273,FUNDO AGL AF12-IRE - PRETO,UNIDADE,UN,,1751,0,0,0,0
Plastico,804442,FUNDO CA2000S/AF12 TOUCH,UNIDADE,UN,,4219,0,0,0,0
Plastico,804036,FUNDO COLETIVO DE 4 A 16 PONTOS,UNIDADE,UN,,925,0,0,0,0
Plastico,804487,FUNDO CONTROLE CA1000/1200 - BRANCO,UNIDADE,UN,,5172,0,0,0,0
Plastico,804490,FUNDO CONTROLE CA1000/1200 - PRETO,UNIDADE,UN,,8456,0,0,0,0
Plastico,804180,FUNDO DO CONTROLE DE ACESSO CA500 / CA25,UNIDADE,UN,,3075,0,0,0,0
Plastico,804066,FUNDO DO PORTEIRO S100 / S200 / S300 / VP4 / VP7,UNIDADE,UN,,5280,0,0,0,0
Plastico,804562,FUNDO DO SENSOR FOTOCÉLULA ATIVA E REFLETIVA SIMPLIFIQUE,UNIDADE,UN,,1452,0,0,0,0
Plastico,804312,FUNDO MONITOR VP4,UNIDADE,UN,,1316,0,0,0,0
Plastico,804183,FUNDO MONITOR VP7,UNIDADE,UN,,1928,0,0,0,0
Plastico,804421,FUNDO PADRÃO COLETIVOS S500,UNIDADE,UN,,1328,0,0,0,0
Plastico,804411,FUNDO PORTEIRO P10 X - PRETO,UNIDADE,UN,,2122,0,0,0,0
Plastico,804015,FUNDO PORTEIRO P10S / P20 / P200 - CINZA,UNIDADE,UN,,4168,0,0,0,0
Plastico,804014,FUNDO PORTEIRO P10S / P20 / P200 - PRETO,UNIDADE,UN,,4999,0,0,0,0
Plastico,804577,FUNDO PROTETOR PCI NOVA LINHA ULTRA - BRANCO,UNIDADE,UN,,2858,0,0,0,0
Plastico,804566,FUNDO PROTETOR PCI NOVA LINHA ULTRA - PRETO,UNIDADE,UN,,4446,0,0,0,0
Plastico,813166,"FUSO P 7.5MM DE 1,0M E 4 ENTRADAS BV",UNIDADE,UN,,22732,0,0,0,0
Plastico,804527,GARFO AA FECHADURA T12S,UNIDADE,UN,,4546,0,0,0,0
Plastico,813080,GOMO 25CM P/ CREMALHEIRA PLASTICO - PRETO,UNIDADE,UN,,141791,0,0,0,0
Plastico,804179,GRADE DO TECLADO CONTROLE DE ACESSO CA25/CA500,UNIDADE,UN,,2332,0,0,0,0
Plastico,804046,GRADE FALANTE DO PORTEIRO ELETRONICO COLETIVO - PRETO,UNIDADE,UN,,2162,0,0,0,0
Plastico,804021,GRADE FALANTE REDONDA P10S / P20 BORDA FUNDA - CINZA,UNIDADE,UN,,2098,0,0,0,0
Plastico,804338,GRADE FALANTE REDONDA P10S/P20/P200 BORDA FUNDA - PRETA,UNIDADE,UN,,15422,0,0,0,0
Plastico,804447,GRADE FALANTE REDONDA P200 BORDA RASA - PRETA,UNIDADE,UN,,4080,0,0,0,0
Plastico,804068,GRADE FALANTE REDONDA S100 / S300 - PRETO,UNIDADE,UN,,44745,0,0,0,0
Plastico,804020,GRADE FALANTE RETANGULAR P20 / P200 - PRETO,UNIDADE,UN,,4290,0,0,0,0
Plastico,804330,GRADE FALANTE RETANGULAR P200 - CINZA,UNIDADE,UN,,400,0,0,0,0
Plastico,804383,GUIA DO BATENTE AL100 A.EXT / MINI A.EXT / AL100R - BRANCO,UNIDADE,UN,,423,0,0,0,0
Plastico,804097,GUIA DO BATENTE AL100 A.EXT / MINI A.EXT / AL100R - PRETO,UNIDADE,UN,,28872,0,0,0,0
Plastico,804445,LINGUETA DE GANCHO P10S / P10X / S100 / S300 - PRETO,UNIDADE,UN,,34429,0,0,0,0
Plastico,804134,LINGUETA DE GANCHO P20 / P100 / P200 - CINZA,UNIDADE,UN,,4318,0,0,0,0
Plastico,804394,LINGUETA DE GANCHO P20 / P100 / P200 - VERDE,UNIDADE,UN,,11614,0,0,0,0
Plastico,804446,LINGUETA DE GANCHO TDI100 / VP4 / VP7 - PRETO,UNIDADE,UN,,21498,0,0,0,0
Plastico,804506,MACAQUITO AGL MINI REVERSÍVEL,UNIDADE,UN,,1527,0,0,0,0
Plastico,804128,MACAQUITO AL100R,UNIDADE,UN,,36968,0,0,0,0
Plastico,813040,MANCAL DE CENTRAGEM,UNIDADE,UN,,2455,0,0,0,0
Plastico,813054,MANCAL PERFIL INFERIOR,UNIDADE,UN,,5885,0,0,0,0
Plastico,813048,MANCAL PERFIL SUPERIOR BV,UNIDADE,UN,,7887,0,0,0,0
Plastico,813317,MANCAL SUPERIOR DO PIVO,UNIDADE,UN,,1170,0,0,0,0
Plastico,804213,MEMBRANA PLASTICA CONTROLE DE ACESSO FECHADURA RX500/BT-100/ULTRA TOUCH - PRETA,UNIDADE,UN,,992,0,0,0,0
Plastico,813293,MIOLO DO CILINDRO NYLON MOTOR DESLIZANTE,UNIDADE,UN,,10489,0,0,0,0
Plastico,301056,NYLON PA 6 - 6.0 INDUSTRIAL 30%FV COR PRETO,QUILOGRAMA,KG,,2491,0,0,0,0
Plastico,301038,NYLON PA 6 - 6.6 INDUSTRIAL 30%FV COR PRETO PEPASA (PF-1006 SS -BK),QUILOGRAMA,KG,,2561,0,0,0,0
Plastico,301052,NYLON PA 6 VIRGEM 15%FV NATURAL,QUILOGRAMA,UN,,656,0,0,0,0
Plastico,301005,NYLON PA 6 VIRGEM 30%FV COR NATURAL PF-1006 CQ -NAT,QUILOGRAMA,KG,,275,0,0,0,0
Plastico,998861,PAINEL DE CONTROLE PARA INJETORA PLASTICA PL860 - CONTROL PANNEL - MODELO: HAITIAN,UN,UN,,1,2857,2857,2563,2563
Plastico,813047,PASSA FIO DO BV,UNIDADE,UN,,4055,0,0,0,0
Plastico,813395,PASSA FIO DO NEW BV,UNIDADE,UN,,8886,0,0,0,0
Plastico,302025,PIGMENTO AMARELO - NYLON,KG,KG,,20,0,0,0,0
Plastico,302011,PIGMENTO AMARELO - PP,QUILOGRAMA,KG,,22,0,0,0,0
Plastico,302023,PIGMENTO AZUL - PP - COR 2195C,KG,KG,,42,0,0,0,0
Plastico,302020,PIGMENTO BRANCO - ABS 23130-CW,QUILOGRAMA,KG,,116,0,0,0,0
Plastico,302015,PIGMENTO BRANCO - PP,QUILOGRAMA,UN,,91,0,0,0,0
Plastico,302009,PIGMENTO CINZA - ABS - HEX #D3D3D3,QUILOGRAMA,UN,,0,0,0,0,0
Plastico,302022,PIGMENTO PP PRETO (17673-BP),KG,KG,,100,0,0,0,0
Plastico,302008,PIGMENTO PRETO - ABS,KG,KG,,144,0,0,0,0
Plastico,302016,PIGMENTO PVC BRANCO,QUILOGRAMA,UN,,25,0,0,0,0
Plastico,302012,PIGMENTO PVC PRETO,QUILOGRAMA,UN,,28,0,0,0,0
Plastico,813237,PINO DESTRAVAMENTO TRINO,UNIDADE,UN,,16567,0,0,0,0
Plastico,804528,PINO DO SENSOR RPI FECHADURA T12S,UNIDADE,UN,,3524,0,0,0,0
Plastico,804100,PINO PERCURSOR AL100,UNIDADE,UN,,33548,0,0,0,0
Plastico,804279,PINO PERCURSOR AL100R,UNIDADE,UN,,217500,0,0,0,0
Plastico,804513,PLAQUETA DE ABERTURA PP TRAVA ELETROMAGNÉTICA/ GABINETE,UNIDADE,UN,,9000,0,0,0,0
Plastico,301014,POLIACETAL (POM) VIRGEM K-1000-NAT./90,QUILOGRAMA,KG,,479,0,0,0,0
Plastico,301025,POLIPROPILENO (PP) BRANCO,KG,KG,,20911,0,0,0,0
Plastico,301059,POLIPROPILENO (PP) CINZA,QUILOGRAMA,KG,,75,0,0,0,0
Plastico,301016,POLIPROPILENO (PP) CINZA CLARO,QUILOGRAMA,KG,,200,0,0,0,0
Plastico,301020,POLIPROPILENO (PP) CINZA GRAFITE,QUILOGRAMA,KG,,300,0,0,0,0
Plastico,301008,POLIPROPILENO (PP) INDUSTRIAL,QUILOGRAMA,KG,,783,0,0,0,0
Plastico,301024,POLIPROPILENO (PP) PRETO,QUILOGRAMA,KG,,6875,0,0,0,0
Plastico,301054,POLIPROPILENO (PP) PRETO C/ TALCO - PP TD 20 BK,QUILOGRAMA,KG,,1285,0,0,0,0
Plastico,301050,POLIPROPILENO (PP) PRETO COM FIBRA,QUILOGRAMA,KG,,5536,0,0,0,0
Plastico,301007,POLIPROPILENO (PP) VIRGEM,QUILOGRAMA,KG,,225,0,0,0,0
Plastico,804468,"PONTA DO ARIETE 2,55 X 26MM",UNIDADE,UN,,29817,0,0,0,0
Plastico,813480,PORCA ACIONADORA BV CADENA - PEÇA FRONTAL,UNIDADE,UN,,156,0,0,0,0
Plastico,813478,PORCA ACIONADORA BV CADENA - PEÇA TRASEIRA,UNIDADE,UN,,1091,0,0,0,0
Plastico,813294,PORCA DO CILINDRO NYLON MOTOR DESLIZANTE,UNIDADE,UN,,13712,0,0,0,0
Plastico,813175,PORCA DO FUSO DE 4 ENTRADA,UNIDADE,UN,,342,0,0,0,0
Plastico,813305,PORCA DO FUSO DE 6 ENTRADAS Ø 1/2 P.60,UNIDADE,UN,,928,0,0,0,0
Plastico,813269,PORCA DO FUSO NEW BV P.60 Ø 5/8,UNIDADE,UN,,372,0,0,0,0
Plastico,813316,PORCA DO FUSO 2 ENTRADAS PIVO (FÊMEA),UNIDADE,UN,,3000,0,0,0,0
Plastico,813315,PORCA DO FUSO 2 ENTRADAS PIVO (MACHO),UNIDADE,UN,,2400,0,0,0,0
Plastico,813469,PORCA INFERIOR DO PIVOTANTE 4 ENTRADAS,UNIDADE,UN,,5590,0,0,0,0
Plastico,813470,PORCA SUPERIOR DO PIVOTANTE 4 ENTRADAS,UNIDADE,UN,,5590,0,0,0,0
Plastico,804539,PRENDEDOR DO MICRO (APENAS P10X),UNIDADE,UN,,38666,0,0,0,0
Plastico,804034,PRENDEDOR DO MICRO (USO GERAL),UNIDADE,UN,,16857,0,0,0,0
Plastico,804499,PRESILHA ANTENA EXTERNA ULTRA CARD/MAGIC CARD - PRETA,UNIDADE,UN,,36583,0,0,0,0
Plastico,804598,PRESILHA DO MOTOR DA SUGGAR,UNIDADE,UN,,13920,0,0,0,0
Plastico,813236,PROTEÇÃO DA COROA 17 DENTES,UNIDADE,UN,,3004,0,0,0,0
Plastico,804530,PROTEÇÃO PLÁSTICA DA PLACA DA FECHADURA T12S (PARTE INTERNA FECHADURA),UNIDADE,UN,,4452,0,0,0,0
Plastico,804531,PROTEÇÃO PLÁSTICA DA PLACA DO TECLADO FECHADURA T12S,UNIDADE,UN,,5080,0,0,0,0
Plastico,804502,PROTETOR DA ANTENA EXTERNA ULTRA CARD/MAGIC CARD - BRANCA,UNIDADE,UN,,2259,0,0,0,0
Plastico,804498,PROTETOR DA ANTENA EXTERNA ULTRA CARD/MAGIC CARD - PRETA,UNIDADE,UN,,4575,0,0,0,0
Plastico,804117,PROTETOR DA MOLA DO PERCURSOR,UNIDADE,UN,,44266,0,0,0,0
Plastico,804588,PROTETOR DA PCI AR100R BIO CARD - PRETA,UNIDADE,UN,,3263,0,0,0,0
Plastico,804209,PROTETOR DA PCI DA LINHA ULTRA PRETO,UNIDADE,UN,,980,0,0,0,0
Plastico,804250,PROTETOR DE CHUVA ACIONADOR - BRANCO,UNIDADE,UN,,3600,0,0,0,0
Plastico,804249,PROTETOR DE CHUVA ACIONADOR - PRETO,UNIDADE,UN,,2306,0,0,0,0
Plastico,804589,PROTETOR DE CHUVA CONTROLE DE ACESSO VISION LIGHT WEB,UNIDADE,UN,,975,0,0,0,0
Plastico,804228,PROTETOR DE PCI FECHADURAS RX,UNIDADE,UN,,1680,0,0,0,0
Plastico,804328,PROTETOR DE PCI P10X,UNIDADE,UN,,24431,0,0,0,0
Plastico,804035,PROTETOR DE PCI P100 / P200 / P20,UNIDADE,UN,,4579,0,0,0,0
Plastico,804438,PROTETOR DO LED AF12IRS/E,UNIDADE,UN,,4229,0,0,0,0
Plastico,804048,REGUA DO COLETIVO,UNIDADE,UN,,4930,0,0,0,0
Plastico,804454,REGUA DO COLETIVO S300 - 4 PONTOS,UNIDADE,UN,,10441,0,0,0,0
Plastico,804465,REGUA DO COLETIVO S300 - 8 PONTOS,UNIDADE,UN,,903,0,0,0,0
Plastico,807015,RODA PERCURSOR AGL AL100R,UNIDADE,UN,,13725,0,0,0,0
Plastico,813277,ROLAMENTO PLÁSTICO DO FUSO BV,UNIDADE,UN,,3453,0,0,0,0
Plastico,813263,ROLAMENTO PLÁSTICO EIXO ENGRENAGEM,UNIDADE,UN,,12600,0,0,0,0
Plastico,411015,ROLAMENTO 6004 ZZ / 2RS,UNIDADE,UN,,1306,0,0,0,0
Plastico,813472,ROLDANA DE NYLON DO BV CADENA - PEÇA FÊMEA,UNIDADE,UN,,3217,0,0,0,0
Plastico,813473,ROLDANA DE NYLON DO BV CADENA - PEÇA MACHO,UNIDADE,UN,,3190,0,0,0,0
Plastico,804440,ROLDANA GRANDE BRANCA,UNIDADE,UN,,2288,0,0,0,0
Plastico,804093,ROLDANA GRANDE PRETA,UNIDADE,UN,,15979,0,0,0,0
Plastico,804388,ROLDANA PEQUENA - BRANCA,UNIDADE,UN,,8801,0,0,0,0
Plastico,804095,ROLDANA PEQUENA - PRETA,UNIDADE,UN,,5244,0,0,0,0
Plastico,811761,SACO PLASTICO TRANSPARENTE 14CM X 40CM,UNIDADE,UN,,500,0,0,0,0
Plastico,804428,SOQUETE DO FECHO ELETRICO,UNIDADE,UN,,50618,0,0,0,0
Plastico,204027,SUCATA ABS CRISTAL,QUILOGRAMA,KG,AGL MOTORES,27,0,0,0,0
Plastico,204028,SUCATA COMPOSTO PVC,QUILOGRAMA,KG,AGL MOTORES,132,0,0,0,0
Plastico,204009,SUCATA DE ABS,QUILOGRAMA,KG,AGL MOTORES,8211,0,0,0,0
Plastico,204023,SUCATA DE NYLON,QUILOGRAMA,KG,AGL MOTORES,381,0,0,0,0
Plastico,204030,SUCATA POLIOCETAL,QUILOGRAMA,KG,AGL MOTORES,363,0,0,0,0
Plastico,204029,SUCATA PP,QUILOGRAMA,KG,AGL MOTORES,106,0,0,0,0
Plastico,804556,SUPORTE ANTENA CA BIO AL100R BIO CARD/BT1 (AJUSTÁVEL),UNIDADE,UN,,1441,0,0,0,0
Plastico,813578,SUPORTE ANTENA CA BIO AL100R BIO CARD/BT1 (NORMAL),UNIDADE,UN,,80,0,0,0,0
Plastico,804041,SUPORTE BOTÃO PORTEIRO ELETRONICO COLETIVO - PRETO,UNIDADE,UN,,7525,0,0,0,0
Plastico,804026,SUPORTE BOTÃO PORTEIRO ELETRONICO COLETIVO 02 PONTOS - PRETO,UNIDADE,UN,,905,0,0,0,0
Plastico,804025,SUPORTE BOTÃO P10S / P20 / P200 - CINZA,UNIDADE,UN,,12750,0,0,0,0
Plastico,804024,SUPORTE BOTÃO P10S / P20 / P200 - PRETO,UNIDADE,UN,,22340,0,0,0,0
Plastico,804090,SUPORTE CONTATO FEMEA,UNIDADE,UN,,25925,0,0,0,0
Plastico,804089,SUPORTE CONTATO MACHO,UNIDADE,UN,,6553,0,0,0,0
Plastico,804500,SUPORTE DA ANTENA EXTERNA ULTRA CARD/MAGIC CARD - PRETA,UNIDADE,UN,,768,0,0,0,0
Plastico,804505,SUPORTE DA ANTENA EXTERNA ULTRA CARD/MAGIC CARD AJUSTÁVEL - PRETA,UNIDADE,UN,,1132,0,0,0,0
Plastico,804101,SUPORTE DA PLAQUETA AGL - AL100R - PLASTIC.,UNIDADE,UN,,19191,0,0,0,0
Plastico,804102,SUPORTE DA PLAQUETA TETRA AL100R,UNIDADE,UN,,17315,0,0,0,0
Plastico,804255,SUPORTE DE FIXAÇÃO DO LEITOR BIOMÉTRICO,UNIDADE,UN,,1480,0,0,0,0
Plastico,813331,SUPORTE DE INSTALAÇÃO DO IMÃ DZ,UNIDADE,UN,,20246,0,0,0,0
Plastico,804229,SUPORTE DE MOLA P/ PILHA FECHADURA RX100 / RX200 / RX500,UNIDADE,UN,,8949,0,0,0,0
Plastico,804484,SUPORTE DE MOLA P/ PILHA NOBREAK LITHIUM,UNIDADE,UN,,11359,0,0,0,0
Plastico,813508,SUPORTE DO ENCODER INDUSTRIAL/DZ 300 SEM TAMPA,UNIDADE,UN,,14702,0,0,0,0
Plastico,813144,SUPORTE DO IMA DE FIM DE CURSO DESLIZANTE,UNIDADE,UN,,18473,0,0,0,0
Plastico,804579,SUPORTE ENCAIXE (BORNE E CONECTOR) PROTETOR PCI NOVA LINHA ULTRA - BRANCO,UNIDADE,UN,,2758,0,0,0,0
Plastico,804568,SUPORTE ENCAIXE (BORNE E CONECTOR) PROTETOR PCI NOVA LINHA ULTRA - PRETO,UNIDADE,UN,,5097,0,0,0,0
Plastico,813267,SUPORTE ENCODER,UNIDADE,UN,,22046,0,0,0,0
Plastico,813051,SUPORTE FIM DE CURSO BASCULANTE/DESLIZANTE,UNIDADE,UN,,14377,0,0,0,0
Plastico,804483,SUPORTE FIM DE CURSO DESLIZANTE (LADO DIREITO),UNIDADE,UN,,3570,0,0,0,0
Plastico,804482,SUPORTE FIM DE CURSO DESLIZANTE (LADO ESQUERDO),UNIDADE,UN,,11931,0,0,0,0
Plastico,804403,SUPORTE FRENTE S500,UNIDADE,UN,,2095,0,0,0,0
Plastico,804533,SUPORTE FRENTE S500 APP,UNIDADE,UN,,695,0,0,0,0
Plastico,804613,SUPORTE FRENTE S500 24 PONTOS APP,UNIDADE,UN,,122,0,0,0,0
Plastico,804038,SUPORTE FRISO COLETIVO,UNIDADE,UN,,6926,0,0,0,0
Plastico,804434,SUPORTE LED ACIONADOR AF12IRS/E,UNIDADE,UN,,3481,0,0,0,0
Plastico,804040,SUPORTE MICRO COLETIVO,UNIDADE,UN,,2441,0,0,0,0
Plastico,813541,SUPORTE MINI MOTOR FECHADURA T12S,UNIDADE,UN,,3352,0,0,0,0
Plastico,804545,SUPORTE MINI MOTOR PARA FECHADURAS RX200/RX500/BT100 (MODELO N20AGB298-11115),UNIDADE,UN,,5994,0,0,0,0
Plastico,804439,SUPORTE ROLDANA GRANDE BRANCA,UNIDADE,UN,,1720,0,0,0,0
Plastico,804094,SUPORTE ROLDANA GRANDE PRETA,UNIDADE,UN,,11141,0,0,0,0
Plastico,804390,SUPORTE ROLDANA PEQUENA - BRANCA,UNIDADE,UN,,4657,0,0,0,0
Plastico,804096,SUPORTE ROLDANA PEQUENA - PRETA,UNIDADE,UN,,20318,0,0,0,0
Plastico,804092,SUPORTE SUPER CONTATO FEMEA,UNIDADE,UN,,8123,0,0,0,0
Plastico,804091,SUPORTE SUPER CONTATO MACHO,UNIDADE,UN,,15957,0,0,0,0
Plastico,813517,SUPORTE UNIVERSAL PORCA DO FUSO,UNIDADE,UN,,4768,0,0,0,0
Plastico,804461,TAMPA CANCELA,UNIDADE,UN,,822,0,0,0,0
Plastico,804580,TAMPA CARCAÇA CA BIO COM LOGO AL100R BIO CARD/BT1 - PRETA,UNIDADE,UN,,3228,0,0,0,0
Plastico,813504,TAMPA CENTRAL AUTOMAÇÃO 433 & WIFI 04-08 CANAIS,UNIDADE,UN,,528,0,0,0,0
Plastico,804248,TAMPA DA CENTRAL DESLIZANTE,UNIDADE,UN,,498,0,0,0,0
Plastico,804426,TAMPA DA CENTRAL DESLIZANTE INVERTER,UNIDADE,UN,,900,0,0,0,0
Plastico,813179,TAMPA DA CENTRAL DO BV,UNIDADE,UN,,1561,0,0,0,0
Plastico,813256,TAMPA DA CENTRAL NEW BV,UNIDADE,UN,,2660,0,0,0,0
Plastico,804569,TAMPA DA FECHADURA T12S - BRANCA,UNIDADE,UN,,1350,0,0,0,0
Plastico,804537,TAMPA DA FECHADURA T12S - PRETA,UNIDADE,UN,,1059,0,0,0,0
Plastico,804047,TAMPA DA GRADE FALANTE COLETIVO,UNIDADE,UN,,7538,0,0,0,0
Plastico,804605,TAMPA DE ACABAMENTO DA CANALETA FLEXIVEL,UNIDADE,UN,,6516,0,0,0,0
Plastico,804606,TAMPA DE ACABAMENTO DA CANALETA FLEXIVEL COM SAÍDA DO LED,UNIDADE,UN,,6194,0,0,0,0
Plastico,804327,TAMPA DE PROTEÇÃO DA CENTRAL NEW PIVO,UNIDADE,UN,,2573,0,0,0,0
Plastico,813033,TAMPA DE PROTEÇÃO DA VENTOINHA,UNIDADE,UN,,929,0,0,0,0
Plastico,804501,TAMPA DO CILINDRO EXTERNO ULTRA CARD/MAGIC CARD - BRANCA,UNIDADE,UN,,2259,0,0,0,0
Plastico,804398,TAMPA DO CILINDRO EXTERNO ULTRA CARD/MAGIC CARD - PRETA,UNIDADE,UN,,1535,0,0,0,0
Plastico,804504,TAMPA DO CILINDRO EXTERNO ULTRA CARD/MAGIC CARD LISA - PRETA,UNIDADE,UN,,631,0,0,0,0
Plastico,813509,TAMPA DO ENCODER INDUSTRIAL/DZ 300,UNIDADE,UN,,14900,0,0,0,0
Plastico,804108,TAMPA DO MODULO DA TRAVA,UNIDADE,UN,,8539,0,0,0,0
Plastico,804431,TAMPA DO MOTOR INDUSTRIAL,UNIDADE,UN,,1160,0,0,0,0
Plastico,804197,TAMPA DO NOBREAK 12V 2A,UNIDADE,UN,,2522,0,0,0,0
Plastico,804263,TAMPA DO NOBREAK 12V 7A,UNIDADE,UN,,1252,0,0,0,0
Plastico,804587,TAMPA DO PROTETOR DA PCI AL100R BIO CARD - PRETA,UNIDADE,UN,,3248,0,0,0,0
Plastico,804561,TAMPA DO SENSOR FOTOCÉLULA ATIVA E REFLETIVA SIMPLIFIQUE,UNIDADE,UN,,678,0,0,0,0
Plastico,804538,TAMPA DO TECLADO FECHADURA T12S,UNIDADE,UN,,80,0,0,0,0
Plastico,813266,TAMPA ENCODER,UNIDADE,UN,,22732,0,0,0,0
Plastico,804565,TAMPA ESPELHO FOTOCÉLULA REFLETIVA SIMPLIFIQUE,UNIDADE,UN,,1816,0,0,0,0
Plastico,804136,TAMPA INTERFONE P10S / P10X / S100 / S300 - BRANCO,UNIDADE,UN,,8868,0,0,0,0
Plastico,804141,TAMPA INTERFONE P10S / P10X / S100 / S300 - PRETO,UNIDADE,UN,,860,0,0,0,0
Plastico,804010,TAMPA INTERFONE P20 / P100 - BRANCO,UNIDADE,UN,,1371,0,0,0,0
Plastico,804012,TAMPA INTERFONE P20 / P100 - PRETO,UNIDADE,UN,,2246,0,0,0,0
Plastico,804427,TAMPA INTERFONE P200 - BRANCA,UNIDADE,UN,,6256,0,0,0,0
Plastico,804402,TAMPA INTERFONE P200 - PRETA,UNIDADE,UN,,590,0,0,0,0
Plastico,804423,TAMPA INTERFONE TDI 100 - BRANCA,UNIDADE,UN,,4654,0,0,0,0
Plastico,813034,TAMPA LISA DO REDUTOR DA CARCAÇA DO BASCULANTE,UNIDADE,UN,,8101,0,0,0,0
Plastico,804520,TAMPA MODULO INTERFACE/INTEGRAÇÃO,UNIDADE,UN,,105,0,0,0,0
Plastico,804135,TAMPA MONOFONE P10S / P10X / S100 / S300 - PRETO,UNIDADE,UN,,1839,0,0,0,0
Plastico,804061,TAMPA MONOFONE P10S / P10X / S100 / S300 / TDI 100 - BRANCO,UNIDADE,UN,,4584,0,0,0,0
Plastico,804325,TAMPA MONOFONE P20 / P100 / P200 - BRANCO,UNIDADE,UN,,6652,0,0,0,0
Plastico,804331,TAMPA MONOFONE P20 / P100 / P200 - PRETO,UNIDADE,UN,,2338,0,0,0,0
Plastico,804473,TAMPA MONOFONE VP4,UNIDADE,UN,,1011,0,0,0,0
Plastico,804460,TAMPA NOBREAK LITHIUM/PORTA DE ENROLAR,UNIDADE,UN,,6067,0,0,0,0
Plastico,804306,TAMPA PLASTICA DO FECHO,UNIDADE,UN,,6824,0,0,0,0
Plastico,813203,TAMPA PROTEÇÃO DO MOTOR - BRANCA,UNIDADE,UN,,1330,0,0,0,0
Plastico,813036,TAMPA PROTEÇÃO DO MOTOR - CINZA,UNIDADE,UN,,1985,0,0,0,0
Plastico,813248,TAMPA PROTEÇÃO DO MOTOR - GRAFITE,UNIDADE,UN,,1996,0,0,0,0
Plastico,813024,TAMPA PROTEÇÃO DO MOTOR - PRETA,UNIDADE,UN,,3011,0,0,0,0
Plastico,804521,TAMPA PROTEÇÃO MINI SMART - BRANCA,UNIDADE,UN,,748,0,0,0,0
Plastico,804307,TAMPA PROTEÇÃO MINI SMART - PRETA,UNIDADE,UN,,1526,0,0,0,0
Plastico,804578,TAMPA PROTETOR PCI NOVA LINHA ULTRA - BRANCO,UNIDADE,UN,,2484,0,0,0,0
Plastico,804567,TAMPA PROTETOR PCI NOVA LINHA ULTRA - PRETO,UNIDADE,UN,,3841,0,0,0,0
Plastico,804269,TAMPA SINALEIRA VISION LED - BRANCA,UNIDADE,UN,,1191,0,0,0,0
Plastico,804266,TAMPA SINALEIRA VISION LED - PRETA,UNIDADE,UN,,1291,0,0,0,0
Plastico,804602,TAMPA TRASEIRA EXTERNA FECHADURAS RX / BT-100 / BT-1 / SMART X3 - BRANCO (MODELO NOVO RETRANGULAR),UNIDADE,UN,,662,0,0,0,0
Plastico,804594,TAMPA TRASEIRA EXTERNA FECHADURAS RX / BT-100 / BT-1 / SMART X3 (MODELO NOVO RETRANGULAR),UNIDADE,UN,,2101,0,0,0,0
Plastico,804223,TAMPA TRASEIRA FECHADURA  FECHADURAS RX / BT-100 / BT-1 / SMART X3 (MODELO ANTIGO) - PRETO,UNIDADE,UN,,1712,0,0,0,0
Plastico,804222,TAMPA TRASEIRA FECHADURA RX100 / RX200 / RX500 - BRANCA,UNIDADE,UN,,2673,0,0,0,0
Plastico,813409,TAMPÃO DA ENGRENAGEM EXTERNA MOTORES DZ,UNIDADE,UN,,8205,0,0,0,0
Plastico,804206,TAMPÃO DO SENSOR HALL / IMÃ LINHA ULTRA - BRANCO,UNIDADE,UN,,5950,0,0,0,0
Plastico,804207,TAMPÃO DO SENSOR HALL / IMÃ LINHA ULTRA - PRETO,UNIDADE,UN,,6271,0,0,0,0
Plastico,813274,TAMPÃO GABINETE CANCELA,UNIDADE,UN,,2519,0,0,0,0
Plastico,804497,TRAVA DA BIOMETRIA FECHADURAS RXS/B-100/BT-1/T12S - PRETA,UNIDADE,UN,,25431,0,0,0,0
Plastico,804496,TRAVA DA BIOMETRIA RX500 - BRANCA,UNIDADE,UN,,11126,0,0,0,0
Plastico,804129,TRAVA DA PLAQUETA AL100R,UNIDADE,UN,,8932,0,0,0,0
Plastico,804458,TRAVA DE APOIO DA BARREIRA CANCELA AGUSTA,UNIDADE,UN,,4249,0,0,0,0
Plastico,804563,TRAVA DO POLARIZADOR SENSOR FOTOCÉLULA ATIVA E REFLETIVA SIMPLIFIQUE,UNIDADE,UN,,1080,0,0,0,0
Plastico,804525,TUBO D7 X 25 FECHDURA T12S,UNIDADE,UN,,12345,0,0,0,0
Plastico,804526,TUBO D7 X 45 FECHDURA T12S,UNIDADE,UN,,13894,0,0,0,0
Plastico,813039,VENEZIANA DOS MOTORES,UNIDADE,UN,,7768,0,0,0,0
Plastico,813025,VENTOINHA DOS MOTORES,UNIDADE,UN,,17810,0,0,0,0
Plastico,804267,VISOR ACRILICO SINALEIRA VISION LED,UNIDADE,UN,,1478,0,0,0,0
Plastico,804381,VISOR ACRÍLICO VERMELHO AF12,UNIDADE,UN,,2928,0,0,0,0
Plastico,804315,VISOR CAMERA PIN ROLE VP4,UNIDADE,UN,,10045,0,0,0,0
Plastico,804045,VISOR CENTRAL COLETIVO,UNIDADE,UN,,69436,0,0,0,0
Plastico,804078,VISOR CENTRAL S300,UNIDADE,UN,,14989,0,0,0,0
Plastico,804044,VISOR LATERAL COLETIVO,UNIDADE,UN,,7023,0,0,0,0
Plastico,804079,VISOR LATERAL S300,UNIDADE,UN,,11838,0,0,0,0
Plastico,804314,VISOR LED INFRA VERMELHO VP4,UNIDADE,UN,,11360,0,0,0,0
Prensas,401121,"ABRAÇADEIRA UV PRETA 202X3,7",UNIDADE,UN,,200,0,0,0,0
Prensas,202094,AÇO RED LAM Ø 12MM 6M 1020,QUILOGRAMA,KG,AGL MOTORES,3205,0,0,0,0
Prensas,202074,AÇO RED LAMINADO Ø 9/16 6M 1015/1022,QUILOGRAMA,KG,AGL MOTORES,9148,0,0,0,0
Prensas,801082,ALONGADOR CILINDRO CH. SIMP. AL100/AL100R/MINI.47MM - ZINCADO,UNIDADE,UN,,22422,0,0,0,0
Prensas,202015,"ARAME BTC RECOZIDO RETREFILADO C/ ALUMINIO 03,40MM",QUILOGRAMA,KG,AGL MOTORES,1310,0,0,0,0
Prensas,202016,"ARAME BTC RECOZIDO RETREFILADO C/ ALUMINIO 03,85MM",QUILOGRAMA,KG,AGL MOTORES,1571,0,0,0,0
Prensas,202011,"ARAME RECOZIDO RETREFILADO PL22 02,80MM",QUILOGRAMA,KG,AGL MOTORES,921,0,0,0,0
Prensas,201020,"BARRA CH. 1.1/4"" X 3/8"" ASTM A36 6M",QUILOGRAMA,KG,,474,0,0,0,0
Prensas,201062,"BARRA CH. 1.1/4X3/16 - 6,00M - 1006/1022",QUILOGRAMA,KG,AGL MOTORES,3131,0,0,0,0
Prensas,211020,"BARRA CHATA 1.1/4"" X 1/8""",QUILOGRAMA,KG,,2274,0,0,0,0
Prensas,701004,BASE AGL - MINI - A. EXT. - BRUTO,UNIDADE,UN,,317,0,0,0,0
Prensas,801011,BASE AGL-AL100R - PRETA,UNIDADE,UN,,1,0,0,0,0
Prensas,701117,BASE SUPERIOR TRANCA CADEADO KING - BRUTO,UNIDADE,UN,,214,0,0,0,0
Prensas,701011,BATENTE AGL AL100 A.EXT - BRUTO,UNIDADE,UN,,2708,0,0,0,0
Prensas,701014,BATENTE AGL MINI A.EXT - BRUTO,UNIDADE,UN,,1662,0,0,0,0
Prensas,201134,"BOBINA AÇO GALV. SAE1006 - 2,3 X 162MM",QUILOGRAMA,KG,AGL MOTORES,14466,0,0,0,0
Prensas,201149,"BOBINA AÇO GALV. SAE1006 - 2,3 X 167,5MM",QUILOGRAMA,KG,AGL MOTORES,2790,0,0,0,0
Prensas,208008,"BOBINA AÇO GALV. SAE1006 - 2,3 X 40MM",QUILOGRAMA,KG,AGL MOTORES,445,0,0,0,0
Prensas,201002,"BOBINA AÇO SAE1006 - 1,2 X 133,5MM",QUILOGRAMA,KG,AGL MOTORES,5840,0,0,0,0
Prensas,201010,"BOBINA AÇO SAE1006 - 1,2 X 147MM",QUILOGRAMA,KG,AGL MOTORES,11417,0,0,0,0
Prensas,201022,"BOBINA AÇO SAE1006 - 1,2 X 28,5MM",QUILOGRAMA,KG,,957,0,0,0,0
Prensas,201078,"BOBINA AÇO SAE1006 - 1,2 X 50MM",QUILOGRAMA,KG,AGL MOTORES,14415,0,0,0,0
Prensas,201013,"BOBINA AÇO SAE1006 - 1,2 X 75MM",QUILOGRAMA,KG,AGL MOTORES,3384,0,0,0,0
Prensas,201029,"BOBINA AÇO SAE1006 - 1,20 X 120MM",QUILOGRAMA,KG,AGL MOTORES,8010,0,0,0,0
Prensas,201003,"BOBINA AÇO SAE1006 - 1,5 X 170MM",QUILOGRAMA,KG,AGL MOTORES,6905,0,0,0,0
Prensas,201001,"BOBINA AÇO SAE1006 - 1,5 X 189MM",QUILOGRAMA,KG,AGL MOTORES,5102,0,0,0,0
Prensas,201131,"BOBINA AÇO SAE1006 - 1,5 X 25MM",QUILOGRAMA,KG,AGL MOTORES,596,0,0,0,0
Prensas,201085,"BOBINA AÇO SAE1006 - 1,5 X 50MM",QUILOGRAMA,KG,AGL MOTORES,305,0,0,0,0
Prensas,201119,"BOBINA AÇO SAE1006 - 1,5 X 56,5MM",QUILOGRAMA,KG,AGL MOTORES,3702,0,0,0,0
Prensas,201101,"BOBINA AÇO SAE1006 - 1,5 X 70MM",QUILOGRAMA,KG,AGL MOTORES,1869,0,0,0,0
Prensas,201023,"BOBINA AÇO SAE1006 - 1,5 X 84,0MM",QUILOGRAMA,KG,,1740,0,0,0,0
Prensas,201025,"BOBINA AÇO SAE1006 - 1,5 X 93,0MM",QUILOGRAMA,KG,,3561,0,0,0,0
Prensas,201007,"BOBINA AÇO SAE1006 - 2,25 X 108MM",QUILOGRAMA,KG,AGL MOTORES,6615,0,0,0,0
Prensas,201004,"BOBINA AÇO SAE1006 - 2,25 X 125MM",QUILOGRAMA,KG,AGL MOTORES,1261,0,0,0,0
Prensas,201015,"BOBINA AÇO SAE1006 - 2,25 X 75MM",QUILOGRAMA,KG,AGL MOTORES,1009,0,0,0,0
Prensas,201005,"BOBINA AÇO SAE1006 - 2,25 X 98MM",QUILOGRAMA,KG,AGL MOTORES,1294,0,0,0,0
Prensas,813292,BRACINHO ARTICULADO BV E NEW BV,UNIDADE,UN,,328,0,0,0,0
Prensas,813283,CANTONEIRA SUPORTE FIX. BV E NEW BV - ZINCADA,UNIDADE,UN,,4,0,0,0,0
Prensas,201053,"CANTONEIRA 1.1/2X1/8 - 6,00M 1006/1022M",QUILOGRAMA,KG,AGL MOTORES,3246,0,0,0,0
Prensas,810001,CAPA LONGA 40MM - ALUMINIO,UNIDADE,UN,AGL ELETRONICOS,14051,0,0,0,0
Prensas,311001,"CELERON MMG 1,6MM 1000 X 1000MM",UNIDADE,UN,,11,0,0,0,0
Prensas,201110,"CH FQ CDL 14 (2,00MM) 1200 X 3000 PRO - KG",QUILOGRAMA,KG,AGL ELETRONICOS,2440,0,0,0,0
Prensas,201115,"CHAPA AÇO CZN 1,55 x 1200 x 3000 N7008 ZC Z100 CT",QUILOGRAMA,KG,AGL MOTORES,10551,0,0,0,0
Prensas,201019,"CHAPA AÇO FF SAE 1006 - 0,45 X 1200",QUILOGRAMA,KG,,5649,0,0,0,0
Prensas,201092,"CHAPA AÇO FF SAE1008 0,90 X 1200 X 2000",QUILOGRAMA,KG,AGL MOTORES,1084,0,0,0,0
Prensas,201121,"CHAPA AÇO P012K SAE1012/A36 - 4,75 X 1200",QUILOGRAMA,KG,AGL MOTORES,1314,0,0,0,0
Prensas,201155,"CHAPA AÇO SAE1006 - 0,9 X 1200",QUILOGRAMA,KG,,25,0,0,0,0
Prensas,201012,"CHAPA AÇO SAE1006 - 1,2 X 1200 X 2000MM",QUILOGRAMA,KG,,1274,0,0,0,0
Prensas,201016,"CHAPA AÇO SAE1006 - 1,5 X 1200",QUILOGRAMA,KG,,3295,0,0,0,0
Prensas,201044,"CHAPA AÇO SAE1006 - 2,0 X 1200",QUILOGRAMA,KG,,2336,0,0,0,0
Prensas,201021,"CHAPA AÇO SAE1006 - 2,25 X 1200 X 2000MM (DECAP/ÓLEO)",QUILOGRAMA,KG,,2534,0,0,0,0
Prensas,201132,"CHAPA AÇO SAE1006 - 2,25 X 1200 X 2000MM (PRETA)",QUILOGRAMA,KG,,971,0,0,0,0
Prensas,201144,"CHAPA AÇO SAE1006 - 3,0 X 1200 X 2000MM",QUILOGRAMA,KG,,1412,0,0,0,0
Prensas,201143,"CHAPA DE AÇO PINTADA BRANCA ADERE IMÃ 0,40X1200 C/ PLÁSTICO",KG,KG,,61,0,0,0,0
Prensas,813240,CHAPA DE APOIO DA MOLA DE FREIO DO DESLIZANTE,UNIDADE,UN,,5622,0,0,0,0
Prensas,201059,"CHAPA FINA LAMINADA A QUENTE DECAPADA OLEADA - 2,25 X 1200 X 2000MM - SAE1006",QUILOGRAMA,KG,AGL MOTORES,3300,0,0,0,0
Prensas,201152,"CHAPA GALVALUME 0,40 x 1200 x 2000",QUILOGRAMA,KG,AGL MOTORES,0,0,0,0,0
Prensas,201153,"CHAPA GALVALUME 0,43 x 1200 x 2000",KG,KG,AGL MOTORES,305,0,0,0,0
Prensas,201028,"CHAPA INOX 304L 2000 X 1250 X 1,20MM POLIDO 2F PVC BCO",QUILOGRAMA,KG,AGL MOTORES,451,0,0,0,0
Prensas,201027,"CHAPA INOX 304L/200 2000 X 1250 X 1,50MM POLIDO 2F PVC BCO",QUILOGRAMA,KG,AGL MOTORES,81,0,0,0,0
Prensas,813031,COPO DE FREIO DESLIZANTE,UNIDADE,UN,,9655,0,0,0,0
Prensas,201073,"CZN 1,95 x 1200 N7008 ZC Z100 CT",QUILOGRAMA,KG,AGL MOTORES,6374,0,0,0,0
Prensas,813353,EIXO AGL P80 P/ VENTOINHA,UNIDADE,UN,,64,0,0,0,0
Prensas,811306,ETIQUETA ADES. COUCHE 100MM X 80MM X 01 CAR,UN,UN,,2500,0,0,0,0
Prensas,811307,ETIQUETA ADES. COUCHE 50MM X 40MM X 02 CAR,UNIDADE,UN,,1,0,0,0,0
Prensas,202084,FERRO RED. LISO MECÂNICO 1/4 X 6M,QUILOGRAMA,KG,,11,0,0,0,0
Prensas,807045,FRENTE DE ALUMÍNIO CONTROLE DE ACESSO CA25 AGL,UNIDADE,UN,,292,0,0,0,0
Prensas,807001,FRENTE PAINEL DE RUA ALUM. P10S / P20 / P200,UNIDADE,UN,,61,0,0,0,0
Prensas,807008,FRENTE PORTEIRO ELETRONICO COLETIVO 12 PONTOS,UNIDADE,UN,,58,0,0,0,0
Prensas,807004,FRENTE PORTEIRO ELETRONICO COLETIVO 20 PONTOS,UNIDADE,UN,,169,0,0,0,0
Prensas,807012,FRENTE PORTEIRO ELETRONICO COLETIVO 32 PONTOS,UNIDADE,UN,,86,0,0,0,0
Prensas,807013,FRENTE PORTEIRO ELETRONICO COLETIVO 36 PONTOS,UNIDADE,UN,,120,0,0,0,0
Prensas,807195,FUNDO PRETO PORTEIRO ELETRÔNICO COLETIVO 44 E 48 PONTOS,UNIDADE,UN,,1,0,0,0,0
Prensas,813448,NI-RT SAE-060 AGL P24 04P,UNIDADE,UN,,2650,0,0,0,0
Prensas,813443,"NI-RT SAE-060 AGL P27,6 04P",UNIDADE,UN,,2400,0,0,0,0
Prensas,813449,NI-RT SAE-060 AGL P80 04P,UNIDADE,UN,,256,0,0,0,0
Prensas,401136,"PARAFUSO PAN CRUZ 3,5MMX14MM (FABR. AGL) - ZINCADO",UNIDADE,UN,,55582,0,0,0,0
Prensas,707038,PARAFUSO PLASTIC PAN PHS 5 X 25MM - BRUTO (PROD),UNIDADE,UN,,44637,0,0,0,0
Prensas,701050,PARAFUSO 5/32 X 1.1/4 PN. PH - BRUTO (PROD),UNIDADE,UN,,16720,0,0,0,0
Prensas,201099,PERFIL AL SOL STLF-0929 - 6060 - T5 - NT (BRILHANTE),QUILOGRAMA,KG,AGL MOTORES,691,0,0,0,0
Prensas,201089,PERFIL AL SOL 5 STLF-0059 6063 T5 (ANOD FOSCO),QUILOGRAMA,KG,AGL MOTORES,274,0,0,0,0
Prensas,201040,PERFIL AL SOL 5 STLF-0234 6063 T5 6000MM (BRILHANTE),QUILOGRAMA,KG,AGL MOTORES,235,0,0,0,0
Prensas,201056,PERFIL AL SOL 7 STLF-0232,QUILOGRAMA,KG,AGL MOTORES,658,0,0,0,0
Prensas,201057,PERFIL AL SOL 7 STLF-088 (BRILHANTE),QUILOGRAMA,KG,AGL MOTORES,107,0,0,0,0
Prensas,201095,PERFIL AL TUB STLF-0917 - 6063 T5 NT - 3000,QUILOGRAMA,KG,AGL MOTORES,233,0,0,0,0
Prensas,201035,PERFIL AL TUB 5 7 TUB-044 6063 T5 6000MM (TUBO 1 X 16),QUILOGRAMA,KG,,570,0,0,0,0
Prensas,708014,PINO CARRINHO DA LINGUETA BASE AGL AL100R,UNIDADE,UN,,36271,0,0,0,0
Prensas,813286,PINO DAS TRAVAS SUPORTE FX. BV/NEW BV/HZ - ZINCADO,UNIDADE,UN,,6843,0,0,0,0
Prensas,708002,PINO DO CARRINHO LINGUETA  BASE AGL AGL100/ MINI -BRUTO,UNIDADE,UN,,42074,0,0,0,0
Prensas,708001,PINO MACAQUITO AGL BASE AGL AL100 / MINI- BRUTO,UNIDADE,UN,,25088,0,0,0,0
Prensas,412069,"PS-ST SAE-060 C/TRAT AGL 16,8MM (SOMENTE MOTOR P/ INDUSTRIALIZAÇÃO)",UNIDADE,UN,,4000,0,0,0,0
Prensas,412044,"PS-ST SAE-060 C/TRAT AGL 27,6MM (SOMENTE MOTOR P/ INDUSTRIALIZAÇÃO)",UNIDADE,UN,,5000,0,0,0,0
Prensas,412057,PS-ST SAE-060 C/TRAT AGL 39MM (SOMENTE MOTOR P/ INDUSTRIALIZAÇÃO),UNIDADE,UN,,400,0,0,0,0
Prensas,412088,PS-ST SAE-060 C/TRAT AGL 45MM (SOMENTE MOTOR P/ INDUSTRIALIZAÇÃO),UNIDADE,UN,,400,0,0,0,0
Prensas,412093,"PS-ST SAE-060 S/TRAT AGL 24,0MM (SOMENTE MOTOR P/ INDUSTRIALIZAÇÃO)",UNIDADE,UN,,14000,0,0,0,0
Prensas,412060,"PS-ST SAE-060 S/TRAT AGL 33,0MM (SOMENTE MOTOR P/ INDUSTRIALIZAÇÃO)",UNIDADE,UN,,2500,0,0,0,0
Prensas,201117,"RO BF 0,60X106 SAE 1008 AGL PEX",QUILOGRAMA,KG,AGL MOTORES,22809,0,0,0,0
Prensas,201145,"ROLO A FRIO 1,20X135 SAE-1006",QUILOGRAMA,KG,AGL MOTORES,3100,0,0,0,0
Prensas,201127,"ROLO ZINCADO 1,25X28,5 NBR-7008-ZC",QUILOGRAMA,KG,AGL MOTORES,698,0,0,0,0
Prensas,201126,"ROLO ZINCADO 1,25X33 NBR-7008-ZC",QUILOGRAMA,KG,AGL MOTORES,390,0,0,0,0
Prensas,201065,"ROLO ZINCADO 1,25X34,5 NBR-7008-ZC",QUILOGRAMA,KG,AGL MOTORES,2712,0,0,0,0
Prensas,201066,"ROLO ZINCADO 1,25X50 NBR-7008-ZC",QUILOGRAMA,KG,AGL MOTORES,11871,0,0,0,0
Prensas,201051,"ROLO ZINCADO 1,25X90 NBR-7008-ZC",QUILOGRAMA,KG,AGL MOTORES,3722,0,0,0,0
Prensas,811762,SACO ZIP PADRAO - 05X07,UNIDADE,UN,,200,0,0,0,0
Prensas,801126,TAMPA DA FECHADURA ULTRA - PRETA,UNIDADE,UN,,1,0,0,0,0
Prensas,813325,TRAVA MAIOR SUPORTE FX. DZ HORIZONTAL - ZINCADO,UNIDADE,UN,,300,0,0,0,0
Prensas,813324,TRAVAS DE ARTICULAÇÃO FIX. DZ HORIZONTAL - ZINCADO,UNIDADE,UN,,100,0,0,0,0
Zamac,701084,CAIXA DO FECHO - BRUTO,UNIDADE,UN,AGL ELETRONICOS,635,0,0,0,0
Zamac,813278,COROA DO MOVIMENTADOR BV/PIVO ZAMAC,UNIDADE,UN,AGL ELETRONICOS,248,0,0,0,0
Zamac,813099,ENGRENAGEM INTERNA DE ZAMAC DO DESLIZANTE TRINO SPEED 300/500 2 ENTRADAS,UNIDADE,UN,AGL ELETRONICOS,1245,0,0,0,0
Zamac,813100,ENGRENAGEM INTERNA DE ZAMAC DO DESLIZANTE TRINO 700/900 1 ENTRADA 300/500,UNIDADE,UN,AGL ELETRONICOS,563,0,0,0,0
Zamac,701157,ENGRENAGEM INTERNA 1 ENTRADA PARA MOTOR INDUSTRIAL - BRUTO,UNIDADE,UN,AGL ELETRONICOS,460,0,0,0,0
Zamac,211018,ZAMAC,QUILOGRAMA,KG,,9166,0,0,0,0
