left,top,width,height,conteudo
,,,,
EmissĂŁoem:,,,,
EstoqueProdutos-LocaldeEstoque,02/09/202520:07:13,,,
LOCAL:,MOTORES,,,
,,,,
CĂłdigo,DescriĂ§ĂŁoProduto,Embalagem,UN,ReferĂȘncia
813271,CARCAĂADEMOTORBV/PIVOINFERIOR,UNIDADE,UN,"943,00"
401218,"ABRACUVPRETA400X4,8",UNIDADE,UN,"47,00"
401143,"ABRAĂADEIRAUVPRETA100X2,5MENOR",UNIDADE,UN,"6.061,00"
401121,"ABRAĂADEIRAUVPRETA202X3,7",UNIDADE,UN,"3.753,00"
804462,ACABAMENTODOTUBOINOXPIVĂ/BARREIRAARTICULADA,UNIDADE,UN,"1.065,00"
804287,ACABAMENTOPERFILBARREIRAC/FURO,UNIDADE,UN,"114,00"
804256,ACABAMENTOPERFILBARREIRAS/FURO,UNIDADE,UN,"88,00"
603516,ACESSORIOSPARAAUTOMATIZADORBRUSHLESSDCMOTOR-FONTEDEALIMENTAĂAO24V/10A,UNIDADE,UN,"68,00"
603518,ACESSORIOSPARAAUTOMATIZADORBRUSHLESSDCMOTOR-MOLADECONTRA-PESOPARACANCELA1.2,UNIDADE,UN,"406,00"
603519,ACESSORIOSPARAAUTOMATIZADORBRUSHLESSDCMOTOR-MOLADECONTRA-PESOPARACANCELA2.5,UNIDADE,UN,"264,00"
603515,ACESSORIOSPARAAUTOMATIZADORBRUSHLESSDCMOTOR-PAINELCONTROLADOR,UNIDADE,UN,"41,00"
603517,ACESSORIOSPARAAUTOMATIZADORBRUSHLESSDCMOTOR-RECEPTORPARACENTRALBRUSHLESS,UNIDADE,UN,"102,00"
813483,ACIONADORDAMICROCHAVEBVCADENA,UNIDADE,UN,"1.934,00"
2008507,"ACIONAMENTOMOVIMENTADORTRINOBVSPEED1,5M",UNIDADE,UN,AGLMOTORES
2008509,"ACIONAMENTOMOVIMENTADORTRINOBVSPEED2,5M",UNIDADE,UN,AGLMOTORES
2008501,"ACIONAMENTOMOVIMENTADORTRINOBV1,5M",UNIDADE,UN,AGLMOTORES
2013503,"ACIONAMENTOMOVIMENTADORTRINODESLIZANTEHORIZONTAL3,0M",UNIDADE,UN,AGLMOTORES
2013504,"ACIONAMENTOMOVIMENTADORTRINODESLIZANTEHORIZONTAL3,5M",UNIDADE,UN,AGLMOTORES
2008560,"ACIONAMENTOMOVIMENTADORTRINONEWBV1,4MEX",UNIDADE,UN,AGLMOTORES
2008527,"ACIONAMENTOMOVIMENTADORTRINONEWBV1,5M",UNIDADE,UN,AGLMOTORES
2008534,"ACIONAMENTOMOVIMENTADORTRINONEWBV1,5MFUSOĂ5/8P/NEWBVTURBO",UNIDADE,UN,AGLMOTORES
2008539,"ACIONAMENTOMOVIMENTADORTRINONEWBV3,0MFUSOĂ5/8P/BVTURBO",UNIDADE,UN,AGLMOTORES
202074,AĂOREDLAMINADOĂ9/166M1015/1022,QUILOGRAMA,KG,AGLMOTORES
202017,AĂOREDTREFDIN11SMnPb3014.00NBR8647,QUILOGRAMA,KG,AGLMOTORES
202045,AĂOREDTREFSAE102012.00,QUILOGRAMA,KG,AGLMOTORES
202034,AĂOREDTREFSAE102014.29SAEJ403,QUILOGRAMA,KG,AGLMOTORES
202062,AĂOREDTREFSAE10205.00SAE,QUILOGRAMA,KG,AGLMOTORES
813053,ACOPLAMENTODOACIONAMENTOBV,UNIDADE,UN,"3.093,41"
813262,ACOPLAMENTODONEWBV/BV/PIVO,UNIDADE,UN,"2.218,00"
813245,ALAVANCADESTRAVAMENTODZINDUSTRIAL,UNIDADE,UN,"56,00"
813009,ALAVANCAPARADESTRAVAMENTOMANUAL,UNIDADE,UN,"5.522,00"
804188,ALĂADOCONTROLEREMOTOINTER.DIGI.DIGITALKEYBRANCO,UNIDADE,UN,"14.284,00"
804177,ALĂADOCONTROLEREMOTOINTER.DIGI.DIGITALKEYPRETO,UNIDADE,UN,"3.252,00"
103511,"ALOJAM.LUVAPARATERMINALFASTONFĂȘMEA6,3MMRETONATURAL",CT,CT,AGLELETRONICOS
402034,"ANELDERETENĂĂOORINGINTERNO14MMX2,6MM",UNIDADE,UN,"13.974,00"
402032,"ANELDERETENĂĂOORING4,47X1,78MM",UNIDADE,UN,"41.291,00"
PĂĄgina,1,/,21,
,,,,
EmissĂŁoem:,,,,
EstoqueProdutos-LocaldeEstoque,02/09/202520:07:13,,,
LOCAL:,MOTORES,,,
,,,,
CĂłdigo,DescriĂ§ĂŁoProduto,Embalagem,UN,ReferĂȘncia
402015,ANELELASTICOE12,UNIDADE,UN,"55.807,00"
402016,ANELELASTICOE17,UNIDADE,UN,"18.495,00"
402012,ANELELĂSTICOE-20,UNIDADE,UN,"13.714,00"
402023,ANELELĂSTICOE-25X12,UNIDADE,UN,"3.344,00"
208006,ANELENCODER-ROUNDMAGNET,UNIDADE,UN,"3.226,00"
402033,"ANELORING8X2,00MM",UNIDADE,UN,"750,00"
801132,"ARGOLADACHAVE1,00X20,0EXTERNO1.1/2VOLTASZINCADO",UNIDADE,UN,"29.809,00"
813318,ARRUELAEMT,UNIDADE,UN,"7.255,00"
401031,ARRUELALISAM6ZI,UNIDADE,UN,"187.982,00"
401032,ARRUELALISAM8ZI,UNIDADE,UN,"162,00"
401234,ARRUELALISAPO5/16,UNIDADE,UN,"641,00"
401068,ARRUELALISA1/4FEZI,UNIDADE,UN,"74.294,00"
813173,"ARRUELA1,2MMEIXODESLIZANTE",UNIDADE,UN,"36.050,00"
801225,ARTICULAĂĂODOTUBOZINCADO-BARREIRAARTICULADACANCELA,UNIDADE,UN,"90,00"
801227,ARTICULAĂĂOPRIMĂRIAZINCADA-BARREIRAARTICULADACANCELA,UNIDADE,UN,"6,00"
801226,ARTICULAĂĂOSECUNDĂRIAZINCADA-BARREIRAARTICULADACANCELA,UNIDADE,UN,"7,00"
916126,AUTOMATIZADORPARACANCELA-BRUSHLESSDCMOTOR-MODELO:18B-1.2S,UNIDADE,UN,"62,00"
916127,AUTOMATIZADORPARACANCELA-BRUSHLESSDCMOTOR-MODELO:18B-2.5S,UNIDADE,UN,"15,00"
603023,AUTOMATIZADORPARAPORTASAC1500220V,UNIDADE,UN,"20,00"
401187,BARRAROSCADAFERROMETM14X1000MMZI,METRO,MT,"51,00"
1015535,"BARREIRAARTICULADACANCELAAGUSTABRUSHLESSAGLDCSEMLED-3,5m",UNIDADE,UN,AGLELETRONICOS
1015528,"BARREIRACANCELAAGUSTABRUSHLESSSEMLOGODCCOMLED-3,5m",UNIDADE,UN,AGLELETRONICOS
1015529,"BARREIRACANCELAAGUSTABRUSHLESSSEMLOGODCCOMLED-5,5m",UNIDADE,UN,AGLELETRONICOS
1015558,"BARREIRACANCELAAGUSTABRUSHLESSSEMLOGODCCOMLED-6,0m",UNIDADE,UN,AGLELETRONICOS
2010126,BASEBAIXADESLIZANTEEMALUMĂNIO,UNIDADE,UN,AGLMOTORES
813038,BASECENTRALDOBV,UNIDADE,UN,"1.567,00"
813257,BASECENTRALNEWBV,UNIDADE,UN,"466,00"
804247,BASEDACENTRALDESLIZANTE,UNIDADE,UN,"831,00"
813152,BASEDACENTRALDESLIZANTEINVERTER,UNIDADE,UN,"1.217,00"
813171,BASEDACENTRALPIVODUPLO,UNIDADE,UN,"19,00"
813547,BASEDACHAPADEFIXAĂĂODAPIVOROBĂ-ZINCADO,UNIDADE,UN,"2,00"
813241,BASEDEALUMĂNIOINFERIORMOTORDZINDUSTRIAL,UNIDADE,UN,"2,00"
813199,BASEDEALUMĂNIOMOTORESDESLIZANTES,UNIDADE,UN,"2.148,00"
2010447,BASEDECHĂOREGULĂVELPARAMOTORDZUNIVERSAL,UNIDADE,UN,AGLMOTORES
804326,BASEDEPROTEĂĂODACENTRALNEWPIVO,UNIDADE,UN,"385,00"
813485,BASEDESUPORTEDOMOTORREDUTORBVCADENA-CINZA,UNIDADE,UN,"52,00"
PĂĄgina,2,/,21,
,,,,
EmissĂŁoem:,,,,
EstoqueProdutos-LocaldeEstoque,02/09/202520:07:13,,,
LOCAL:,MOTORES,,,
,,,,
CĂłdigo,DescriĂ§ĂŁoProduto,Embalagem,UN,ReferĂȘncia
804166,BASEINFERIORDOCONTROLEREMOTOINTER.DIGI.DIGITALKEY-BRANCO,UNIDADE,UN,"10.820,00"
804165,BASEINFERIORDOCONTROLEREMOTOINTER.DIGI.DIGITALKEY-PRETO,UNIDADE,UN,"7.795,00"
813151,BASEINFERIORNYLONMOTORESDESLIZANTES,UNIDADE,UN,"346,00"
804542,BASEINFERIORPPMOTORESDESLIZANTES,UNIDADE,UN,"1.121,00"
804142,BASESUPERIORCOMLOGODOCONTROLEREMOTOINTER.DIGI.DIGITALKEY-BRANCO,UNIDADE,UN,"5.788,00"
804123,BASESUPERIORCOMLOGODOCONTROLEREMOTOINTER.DIGI.DIGITALKEY-PRETO,UNIDADE,UN,"2.546,00"
801271,BASESUPERIORDEFIXAĂĂODACENTRALNOGABINETE-BRANCA,UNIDADE,UN,"3,00"
801249,BASESUPERIORDEFIXAĂĂODACENTRALNOGABINETE-CINZA,UNIDADE,UN,"43,00"
804246,BASESUPERIORNYLONDOMOTORDESLIZANTE,UNIDADE,UN,"2.175,00"
804261,BASESUPERIORNYLONDOMOTORDESLIZANTEC/ENCODER,UNIDADE,UN,"745,00"
804540,BASESUPERIORPPDOMOTORDESLIZANTE,UNIDADE,UN,"1.388,00"
804541,BASESUPERIORPPDOMOTORDESLIZANTEC/ENCODER,UNIDADE,UN,"25,00"
804310,BASESUPERIORSEMLOGODOCONTROLEREMOTOINTER.DIGI.DIGITALKEY-BRANCO,UNIDADE,UN,"2.437,00"
804259,BASESUPERIORSEMLOGODOCONTROLEREMOTOINTER.DIGI.DIGITALKEY-PRETO,UNIDADE,UN,"29.490,00"
813481,BATENTEMECĂNICOBVCADENA-ZINCADA,UNIDADE,UN,"8,00"
101819,BATERIADELITHIUMCR2032210mAH3VTRAY(CR2032),UN,UN,AGLELETRONICOS
2010417,BOBINADEFREIOPARAMOTORPORTADEENROLARAC200aAC600,UNIDADE,UN,AGLMOTORES
105064,"BOBINALAMINADA2,00MMPRETO23",METRO,MT,AGLELETRONICOS
102573,"BOBINATUBULARPEBDLEITOSAIMPRESAP/ACIONAMENTODEMOTORESAGL(15X0,45)",QUILOGRAMA,KG,"163,39"
102574,"BOBINATUBULARPEBDLEITOSALISAP/ACIONAMENTODEMOTORES(15X0,45)",QUILOGRAMA,KG,"26,36"
804118,BORRACHAPASSANTE,UNIDADE,UN,"2.364,00"
813292,BRACINHOARTICULADOBVENEWBV,UNIDADE,UN,"771,00"
813290,BRACINHOARTICULADODZHORIZONTAL,UNIDADE,UN,"1.028,00"
813440,BRAĂOESTICADORDAMOLADACANCELA,UNIDADE,UN,"123,00"
813172,BUCHADEAPOIODOEIXONOSUPORTEORELHA,UNIDADE,UN,"0,41"
813410,BUCHADECENTRAGEMDOEIXODOROTORDZ,UNIDADE,UN,"950,00"
813043,BUCHADECENTRAGEMDOSEMFIMDOBV/PIVO,UNIDADE,UN,"15.972,00"
813235,BUCHADOEIXODESLIZANTESEXTAVADA,UNIDADE,UN,"14.321,00"
813006,BUCHADOMANCALINFERIOR,UNIDADE,UN,"18.931,41"
801228,BUCHAESTICADORZINCADA-BARREIRAARTICULADACANCELA,UNIDADE,UN,"30,00"
804550,BUCHAPARAROLAMENTOMOTORESDESLIZANTES/TANQUINHOS,UNIDADE,UN,"1.641,00"
402036,BUCHAPLASTICAN06,UNIDADE,UN,"778,00"
402028,BUCHAPLASTICAN10,UNIDADE,UN,"38.070,00"
103132,CABOCONECTORTERMINALWHITEWIREBLK-PH-3PL1000BOX(BLK-PH-3PL1000),UNIDADE,UN,AGLELETRONICOS
103130,CABOCONECTORTERMINALWHITEWIREBLK-PH-3PL180BOX(BLK-PH-3PL180),UNIDADE,UN,AGLELETRONICOS
103131,CABOCONECTORTERMINALWHITEWIREBLK-PH-3PL500BOX(BLK-PH-3PL500),UNIDADE,UN,AGLELETRONICOS
PĂĄgina,3,/,21,
,,,,
EmissĂŁoem:,,,,
EstoqueProdutos-LocaldeEstoque,02/09/202520:07:13,,,
LOCAL:,MOTORES,,,
,,,,
CĂłdigo,DescriĂ§ĂŁoProduto,Embalagem,UN,ReferĂȘncia
103141,CABOCONECTORTERMINALWHITEWIREBLK-PH-4PL350WITHL15RED/BLACKBOX(BLK-PH-4PL315WITHL15),UNIDADE,UN,AGLELETRONICOS
103153,CABOCONECTORTERMINALWHITEWIREBLK-4P1050/650BOX(BLK-4P1050/650),UNIDADE,UN,AGLELETRONICOS
103154,CABOCONECTORTERMINALWHITEWIREBLK-4P1300/650BOX(BLK-4P1300/650),UNIDADE,UN,AGLELETRONICOS
103144,CABOCONECTORTERMINALWHITEWIREBLK-4P1800/650BOX(BLK-4P1800/650),UNIDADE,UN,AGLELETRONICOS
103145,CABOCONECTORTERMINALWHITEWIREBLK-4P2300/650BOX(BLK-4P2300/650),UNIDADE,UN,AGLELETRONICOS
103146,CABOCONECTORTERMINALWHITEWIREBLK-4P2800/650BOX(BLK-4P2800/650),UNIDADE,UN,AGLELETRONICOS
103147,CABOCONECTORTERMINALWHITEWIREBLK-4P3300/650BOX(BLK-4P3300/650),UNIDADE,UN,AGLELETRONICOS
103148,CABOCONECTORTERMINALWHITEWIREBLK-4P3800/650BOX(BLK-4P3800/650),UNIDADE,UN,AGLELETRONICOS
103149,CABOCONECTORTERMINALWHITEWIREBLK-4P4300/650BOX(BLK-4P4300/650),UNIDADE,UN,AGLELETRONICOS
103150,CABOCONECTORTERMINALWHITEWIREBLK-4P4800/650BOX(BLK-4P4800/650),UNIDADE,UN,AGLELETRONICOS
103151,CABOCONECTORTERMINALWHITEWIREBLK-4P5300/650BOX(BLK-4P5300/650),UNIDADE,UN,AGLELETRONICOS
103160,CABOCONECTORTERMINALWHITEWIREBLK-4P6300/650BOX(BLK-4P6300/650),UNIDADE,UN,AGLELETRONICOS
103159,CABOCONECTORTERMINALWHITEWIREBLK-4P800/450BOX(BLK-4P800/450),UNIDADE,UN,AGLELETRONICOS
103547,"CABOPP3X0,30MMVM/VD/PT",METRO,MT,AGLELETRONICOS
811771,CAIXADOMOTORINDUSTRIAL(STRONG2000),UNIDADE,UN,"109,00"
811756,CAIXAMASTER1-CAIXAPIVĂVIOLĂOC/IMPRESSĂO50X75,UNIDADE,UN,"423,00"
811845,CAIXAMASTER1-CAIXAPIVĂVIOLĂOC/IMPRESSĂO50X75(ARTETECLAM),UNIDADE,UN,"179,00"
811826,CAIXAMASTER1-CAIXAPIVĂVIOLĂODOORLINEC/IMPRESSĂO50X75,UNIDADE,UN,"1.260,00"
811742,CAIXAMASTER11-CAIXAPARACANCELACOMLOGOAGL,UNIDADE,UN,"1.082,00"
811753,CAIXAMASTER11-CAIXAPARACANCELASEMLOGO,UNIDADE,UN,"471,00"
811802,CAIXAMASTER12-CXDACENTRALPIVĂ,UNIDADE,UN,"2.725,00"
811827,CAIXAMASTER2-CAIXAPIVĂVIOLĂODOORLINE1METROCOMIMPRESSĂO,UNIDADE,UN,"210,00"
811763,CAIXAMASTER2-CAIXAPIVĂVIOLĂO1METROCOMIMPRESSĂO,UNIDADE,UN,"434,00"
811803,"CAIXAMASTER3-CAIXAPIVĂVIOLĂO1,5METROSCOMIMPRESSĂO",UNIDADE,UN,"451,00"
811801,CAIXAMASTER7-CALĂOCABEĂADOMOTORPIVĂ,UNIDADE,UN,"2.971,00"
811768,"CAIXAMASTER9-CAIXADOBRAĂOBAS.1,5METROSCOMIMPRESSĂO",UNIDADE,UN,"0,33"
811729,"CAIXAMOTORBASCULANTEAGL18,9X14,1X23,4",UNIDADE,UN,"8.376,00"
811775,"CAIXAMOTORBASCULANTENOVA23,0X16,0X24,5",UNIDADE,UN,"17.325,00"
811733,"CAIXAMOTORBBS24,0X19,5X24,5",UNIDADE,UN,"7.440,00"
811851,"CAIXAMOTORBVCADENA25,6X21,6X32,5",UNIDADE,UN,"448,00"
811746,"CAIXAMOTORKRIPT24,0X19,5X24,5",UNIDADE,UN,"1.324,00"
811744,"CAIXAMOTORLINHATRINOAGL24,0X19,5X24,5",UNIDADE,UN,"15.486,00"
811846,"CAIXAMOTORLINHATRINOAGL24,0X19,5X24,5(ARTETECLAM)",UNIDADE,UN,"850,00"
811915,CAIXAMOTORPIVODUPLOS/ACIONAMENTO,UNIDADE,UN,"1.320,00"
811916,CAIXAMOTORPIVOSIMPLESS/ACIONAMENTO,UNIDADE,UN,"1.579,00"
811913,CAIXAMOTORTRINOLOG(CREMALHEIRAEMBARCADA),UNIDADE,UN,"4.750,00"
PĂĄgina,4,/,21,
,,,,
EmissĂŁoem:,,,,
EstoqueProdutos-LocaldeEstoque,02/09/202520:07:13,,,
LOCAL:,MOTORES,,,
,,,,
CĂłdigo,DescriĂ§ĂŁoProduto,Embalagem,UN,ReferĂȘncia
811760,"CAIXAPARACONTROLEREMOTOAGL4,0X6,20X1,6",UNIDADE,UN,"19.339,00"
811828,"CAIXAPARACONTROLEREMOTOSEMLOGO4,0X6,20X1,6",UNIDADE,UN,"12.490,00"
813260,CALĂODOESTATORNEWBV,UNIDADE,UN,"3.721,02"
813515,CALĂODOESTATORP28BV/PIVO,UNIDADE,UN,"1.456,00"
811809,CALĂOVINCADOBRAĂOMOTOR,UNIDADE,UN,"5.219,00"
1015031,"CANCELAAGUSTALIGHTAC220VATĂ4,5MCINZA",UNIDADE,UN,AGLELETRONICOS
1015026,"CANCELAi10BRUSHLESSP/BARREIRAINOVECERTODC2,5S-4,5Ma6MCINZA",UNIDADE,UN,AGLELETRONICOS
813375,CANTONEIRACREMALHEIRAMOTORINDUSTRIAL,UNIDADE,UN,"171,00"
813283,CANTONEIRASUPORTEFIX.BVENEWBV-ZINCADA,UNIDADE,UN,"1,00"
804430,CAPADOROLAMENTODOSMOTORES,UNIDADE,UN,"6.214,00"
101889,CAPACITORFIXOC/DIELETRICODEPOLIPROPILENOBIORIENTADOP/MOTORESCMLWCANECAPLASTICA12uf250V,UNIDADE,UN,AGLELETRONICOS
101890,CAPACITORFIXOC/DIELETRICODEPOLIPROPILENOBIORIENTADOP/MOTORESCMLWCANECAPLASTICA25uf250V,UNIDADE,UN,AGLELETRONICOS
101306,CAPACITORFIXOC/DIELETRICODEPOLIPROPILENOBIORIENTADOP/MOTORESCMRWCANECAPLASTICA15uf250V50,UNIDADE,UN,AGLELETRONICOS
101307,CAPACITORFIXOC/DIELETRICODEPOLIPROPILENOBIORIENTADOP/MOTORESCMRWCANECAPLASTICA20uf250V50,UNIDADE,UN,AGLELETRONICOS
101309,CAPACITORFIXOC/DIELETRICODEPOLIPROPILENOBIORIENTADOP/MOTORESCMRWCANECAPLASTICA30uf250V50,UNIDADE,UN,AGLELETRONICOS
101310,CAPACITORFIXOC/DIELETRICODEPOLIPROPILENOBIORIENTADOP/MOTORESCMRWCANECAPLASTICA40uf250V50,UNIDADE,UN,AGLELETRONICOS
101311,CAPACITORFIXOC/DIELETRICODEPOLIPROPILENOBIORIENTADOP/MOTORESCMRWCANECAPLASTICA50uf250V50,UNIDADE,UN,AGLELETRONICOS
813270,CARCAĂADEMOTORBV/PIVOSUPERIOR,UNIDADE,UN,"410,00"
813489,CARCAĂAFRONTALBVCADENA-CINZA,UNIDADE,UN,"62,00"
813259,CARCAĂAINFERIORNEWBVCOMFUROENCODER,UNIDADE,UN,"313,00"
813258,CARCAĂAINFERIORNEWBVSEMFUROENCODER,UNIDADE,UN,"572,00"
813265,CARCAĂASUPERIORNEWBV,UNIDADE,UN,"674,00"
813486,CARCAĂATRASEIRABVCADENA-CINZA,UNIDADE,UN,"53,00"
804554,CARTUCHODAPORCADE5ENTRADAS,UNIDADE,UN,"790,00"
813540,CARTUCHODAPORCADE6ENTRADASP.601/2,UNIDADE,UN,"1.295,00"
813518,CARTUCHODAPORCA6ENTRADASP.605/8'',UNIDADE,UN,"525,00"
813507,CASEDEPROTEĂĂODOMĂDULOWIFIIZZY,UNIDADE,UN,"2.596,00"
2010080,CENTRALPARAMOTORDEENROLARIZZYAGL,UNIDADE,UN,AGLMOTORES
813240,CHAPADEAPOIODAMOLADEFREIODODESLIZANTE,UNIDADE,UN,"2.008,00"
813548,CHAPADEFIXAĂĂODAPIVOROBĂ-ZINCADO,UNIDADE,UN,"2,00"
813479,CHAPADETRAĂĂODACORRENTEBVCADENA-ZINCADA,UNIDADE,UN,"10,00"
801266,CHAPAEMUDOSUPORTEDABARREIRA(MODELOFIX.MACHOEFĂMEA)-BRANCA,UNIDADE,UN,"3,00"
801265,CHAPAEMUDOSUPORTEDABARREIRA(MODELOFIX.MACHOEFĂMEA)-CINZA,UNIDADE,UN,"33,00"
813492,CHAPAESTABILIZADORATRASEIRABVCADENA-ZINCADA,UNIDADE,UN,"91,00"
813250,CHAVECILINDROMOTORDESLIZANTENYLON(MODELONOVO),UNIDADE,UN,"25.707,00"
813311,CHAVEPIVO,UNIDADE,UN,"7.798,00"
PĂĄgina,5,/,21,
,,,,
EmissĂŁoem:,,,,
EstoqueProdutos-LocaldeEstoque,02/09/202520:07:14,,,
LOCAL:,MOTORES,,,
,,,,
CĂłdigo,DescriĂ§ĂŁoProduto,Embalagem,UN,ReferĂȘncia
813328,CHAVETADOMOTORINDUSTRIAL,UNIDADE,UN,"138,00"
813522,"CHAVETAQUADRADA8MMX33,4MM",UNIDADE,UN,"2.071,00"
813456,CHAVETA6MMX30MMPIVO,UNIDADE,UN,"1.245,00"
813234,"CHAVETA8MMX33,4MM",UNIDADE,UN,"2.345,00"
402024,CHUMBADORCBJC/PRISIONEIRO3/8X110MMZI,UNIDADE,UN,"1.138,00"
402042,CHUMBADORPBJPARABOLTMQUNC3/8X3ZI,UNIDADE,UN,"276,00"
402041,CHUMBADORPBJPARABOLTMQUNC3/8X5ZI,UNIDADE,UN,AGLELETRONICOS
813310,CILINDROCHAVEPIVO,UNIDADE,UN,"3.088,00"
813249,CILINDROMOTORDESLIZANTENYLON,UNIDADE,UN,"3.415,00"
412047,CJESTATORROTORAGLBASCP201/6cv0442z127V60Hz,UNIDADE,UN,"936,00"
412046,CJESTATORROTORAGLBASCP201/6cv0442z220V60Hz,UNIDADE,UN,"281,00"
412367,CJESTATORROTORAGLBASCP281/5cv0442127V60Hz,UNIDADE,UN,"83,00"
412072,CJESTATORROTORAGLBASCP281/5cv0442220V60Hz(CW14404433),UNIDADE,UN,"408,00"
412017,CJESTATORROTORAGLDESLP201/6cv0442z127V60Hz,UNIDADE,UN,"354,00"
412369,CJESTATORROTORAGLDESLP242P127V60HZ,UNIDADE,UN,"62,00"
412368,CJESTATORROTORAGLDESLP242P220V60HZ,UNIDADE,UN,"62,00"
412009,CJESTATORROTORAGLDESLP351/3cv0442Z127V60Hz,UNIDADE,UN,"965,00"
412010,CJESTATORROTORAGLDESLP351/3cv0442Z220V60HZ,UNIDADE,UN,"1.047,00"
412370,CJESTATORROTORAGLDESLP392P220V60HZ,UNIDADE,UN,"129,00"
102560,CONECTORELĂTRICODETORĂĂOMODELOP-1,UNIDADE,UN,"699,00"
103064,CONECTORFĂMEAEC202V-5.08-3PGREENBAG/BULK(EC601V-5.08-3P),UNIDADE,UN,AGLELETRONICOS
2001261,CONJ.MOVIMENTADORDZBRABUSSPEED300B.ALUMINIUM220V50-60HZ,UNIDADE,UN,AGLMOTORES
2006055,CONJ.MOVIMENTADORINTELIGENTE-IZZY500127V50-60HZSEMCREMALHEIRA,UNIDADE,UN,AGLMOTORES
2006063,CONJ.MOVIMENTADORINTELIGENTE-IZZY900220V50-60HZSEMCREMALHEIRA,UNIDADE,UN,AGLMOTORES
2008039,CONJ.MOVIMENTADORNEWBVSPEEDTURBOPRO1/2HPFREQUENCYINVERTERBIVOLTSEMACIONAMENTO,UNIDADE,UN,AGLMOTORES
2008047,CONJ.MOVIMENTADORNEWBVSPEEDTURBOPRO1/2HPFREQUENCYINVERTERBIVOLTSEMACIONAMENTOEX,UNIDADE,UN,AGLMOTORES
2005049,CONJ.MOVIMENTADORP/PORTADEENROLARAC1500-220VTRIFASICOSEMTESTEIRA,UNIDADE,UN,AGLMOTORES
2005037,CONJ.MOVIMENTADORP/PORTADEENROLARAC300-220VSEMTESTEIRA,UNIDADE,UN,AGLMOTORES
2005038,CONJ.MOVIMENTADORP/PORTADEENROLARAC400-220VSEMTESTEIRA,UNIDADE,UN,AGLMOTORES
2008001,CONJ.MOVIMENTADORTRINOBV3127VSEMACIONAMENTO,UNIDADE,UN,AGLMOTORES
2008022,CONJ.MOVIMENTADORTRINOBV4220VSEMACIONAMENTOEX,UNIDADE,UN,AGLMOTORES
2001185,CONJ.MOVIMENTADORTRINO500SPEED220V50-60HZSEMCREMALHEIRACOMB.ALUMINIU,UNIDADE,UN,AGLMOTORES
2001223,CONJ.MOVIMENTADORTRINO900220V50-60HZCOMB.ALUMINIUMC/CREMALHEIRA3MTEX,UNIDADE,UN,AGLMOTORES
2010526,CONJUNTODEFREIOMECĂNICOPARAMOTORNEWBVSPEED/PIVOTANTEAGLEX,UNIDADE,UN,AGLMOTORES
512028,CONJUNTOESTATOREROTORAGLDESLP241/4CV4P3F110V60HZ,UNIDADE,UN,"186,00"
512001,CONJUNTOESTATOREROTORAGLDESLP171/7cv0442Z127V60HZ,UNIDADE,UN,"1.732,00"
PĂĄgina,6,/,21,
,,,,
EmissĂŁoem:,,,,
EstoqueProdutos-LocaldeEstoque,02/09/202520:07:14,,,
LOCAL:,MOTORES,,,
,,,,
CĂłdigo,DescriĂ§ĂŁoProduto,Embalagem,UN,ReferĂȘncia
512003,CONJUNTOESTATOREROTORAGLDESLP171/7cv0442Z220V50HZ,UNIDADE,UN,"587,00"
512002,CONJUNTOESTATOREROTORAGLDESLP171/7cv0442Z220V60HZ,UNIDADE,UN,"3.193,00"
512015,CONJUNTOESTATOREROTORAGLDESLP171-7cv0442Z3F127V60HZ,UNIDADE,UN,"8,00"
512017,CONJUNTOESTATOREROTORAGLDESLP222P220V60HZ,UNIDADE,UN,"301,00"
512019,CONJUNTOESTATOREROTORAGLDESLP242P127V60HZ,UNIDADE,UN,"20,00"
512018,CONJUNTOESTATOREROTORAGLDESLP242P220V60HZ,UNIDADE,UN,"15,00"
512004,CONJUNTOESTATOREROTORAGLDESLP281/4cv0442Z127V60Hz,UNIDADE,UN,"690,00"
512006,CONJUNTOESTATOREROTORAGLDESLP281/4cv0442Z220V50Hz,UNIDADE,UN,"851,00"
512005,CONJUNTOESTATOREROTORAGLDESLP281/4cv0442Z220V60Hz,UNIDADE,UN,"748,00"
512014,CONJUNTOESTATOREROTORAGLDESLP282P220V60HZ,UNIDADE,UN,"70,00"
512007,CONJUNTOESTATOREROTORAGLDESLP331/4cv0442Z127V60Hz,UNIDADE,UN,"954,00"
512009,CONJUNTOESTATOREROTORAGLDESLP331/4cv0442Z220V50Hz,UNIDADE,UN,"1.112,00"
512008,CONJUNTOESTATOREROTORAGLDESLP331/4cv0442Z220V60Hz,UNIDADE,UN,"800,00"
512020,CONJUNTOESTATOREROTORAGLDESLP392P127V60HZ,UNIDADE,UN,"10,00"
512021,CONJUNTOESTATOREROTORAGLDESLP392P220V60HZ,UNIDADE,UN,"15,00"
512022,CONJUNTOESTATOREROTORAGLDESLP394P3F110V60HZ,UNIDADE,UN,"218,00"
512029,CONJUNTOESTATOREROTORAGLDESLP45STRONG1/2cv0442Z220V50/60Hz,UNIDADE,UN,"3,00"
512010,CONJUNTOESTATOREROTORAGLDESLP451/2cv0442Z127V60Hz,UNIDADE,UN,"246,00"
512011,CONJUNTOESTATOREROTORAGLDESLP451/2cv0442Z220V60Hz,UNIDADE,UN,"366,00"
512026,CONJUNTOESTATOREROTORAGLDESLP60STRONG1/3cv0442Z127V60HZ,UNIDADE,UN,"6,00"
512025,CONJUNTOESTATOREROTORAGLDESLP60STRONG1/3cv0442Z220V60HZ,UNIDADE,UN,"2,00"
512024,CONJUNTOESTATOREROTORAGLDESLP80STRONG3/4127V60HZ,UNIDADE,UN,"48,00"
512023,CONJUNTOESTATOREROTORAGLDESLP80STRONG3/4220V60HZ,UNIDADE,UN,"28,00"
1015660,CONJUNTOSUPORTEFIXAĂĂOBARREIRAARTICULADA,UNIDADE,UN,AGLELETRONICOS
813197,"CONTROLEREMOTO433,92PRETOCOMBOTĂOPRETOAGL-MONTADO",UNIDADE,UN,"34,00"
813031,COPODEFREIODESLIZANTE,UNIDADE,UN,"7,00"
813524,COPODEFREIOPIVOTANTE/NEWBVSPEED,UNIDADE,UN,"3.105,00"
813527,COPODOPINOELĂSTICODOEIXOESTAMPADO,UNIDADE,UN,"3.625,00"
411058,"CORDĂOESPONJOSO1/8Ă3MM+0,4MM(ANELDEVEDAĂĂO)",METRO,MT,"683,60"
804549,COROADOMOVIMENTADORBV/PIVONYLONĂ17MM,UNIDADE,UN,"142,00"
804508,COROADOMOVIMENTADORBV/PIVONYLONĂ20MM,UNIDADE,UN,"1.749,41"
813278,COROADOMOVIMENTADORBV/PIVOZAMAC,UNIDADE,UN,AGLELETRONICOS
701256,COROAZ11PARABVCADENA(P/CORRENTEASA410)-BRUTO,UNIDADE,UN,"100,00"
401225,"CORRENTEDEROLOASA410122ELOS(3098MM)PARAACIONAMENTOBVCADENADE1,5M",METRO,MT,"629,08"
402017,CPDEFERROZINCADO3/16X1.1/4,UNIDADE,UN,"9.711,00"
2010325,CREMALHEIRAP/MOTORINDUSTRIALSTRONG2000KG1MGOMOALUMĂNIOEX,UNIDADE,UN,AGLMOTORES
PĂĄgina,7,/,21,
,,,,
EmissĂŁoem:,,,,
EstoqueProdutos-LocaldeEstoque,02/09/202520:07:14,,,
LOCAL:,MOTORES,,,
,,,,
CĂłdigo,DescriĂ§ĂŁoProduto,Embalagem,UN,ReferĂȘncia
813083,"CREMALHEIRAPERFILAĂOGOMODEALUMĂNIO1,0M",UNIDADE,UN,"600,00"
813354,"CREMALHEIRAPERFILAĂOGOMODEALUMĂNIO1,0MMOTORINDUSTRIAL",UNIDADE,UN,"4,00"
813101,"CREMALHEIRAPERFILAĂOGOMODEALUMĂNIO1,5M",UNIDADE,UN,"248,00"
813119,"CREMALHEIRAPERFILAĂOGOMODEPLĂSTICO0,5M",UNIDADE,UN,"6,00"
2001028,"CREMALHEIRARESIDENCIAL0,50METROGOMOALUMMOD4",UNIDADE,UN,AGLMOTORES
2001023,"CREMALHEIRARESIDENCIAL0,50METROGOMOPLĂSTICOMOD4",UNIDADE,UN,AGLMOTORES
2001016,CREMALHEIRARESIDENCIAL1METROGOMOALUMMOD4,UNIDADE,UN,AGLMOTORES
2001019,CREMALHEIRARESIDENCIAL1METROGOMOPLĂSTICOMOD4,UNIDADE,UN,AGLMOTORES
2004060,"CREMALHEIRARESIDENCIAL1,5METROGOMOALUMMOD4KRIPT",UNIDADE,UN,AGLMOTORES
2004061,"CREMALHEIRARESIDENCIAL1,5METROGOMOPLĂSTICOMOD4KRIPT",UNIDADE,UN,AGLMOTORES
813280,CRUZETADOMANCAL,UNIDADE,UN,"4.966,00"
813030,DISCODEFRICĂĂODECELEROMĂ12MM,UNIDADE,UN,"2.890,00"
813412,DISCODEFRICĂĂODECELEROMĂ20MM,MM,MM,"15.651,00"
813529,DISCODOENCODERDZ(LADOFĂMEA),UNIDADE,UN,"4.635,00"
813528,DISCODOENCODERDZ(LADOMACHO),UNIDADE,UN,"4.527,00"
104404,DISSIPADORDECALORSTLF-1181P7''-(NOVAINVERSORA),METROS,MT,AGLELETRONICOS
811914,DIVISĂRIADEPAPELĂODACAIXATRINOLOG,UNIDADE,UN,"4.750,00"
813341,EIXOAGLP45P/VENTOINHA,UNIDADE,UN,"33,00"
2010301,EIXOCOMPLETOMOTORINDUSTRIAL,UN,UN,AGLMOTORES
701232,EIXODAROLDANABVCADENA-BRUTO,UNIDADE,UN,"156,00"
813505,EIXODECONEXĂODEMOLADUPLADACANCELAAGUSTA-ZINCADO,UNIDADE,UN,"43,00"
701233,EIXODETRAĂĂODAPORCAACIONADORA-BRUTO,UNIDADE,UN,"2.892,00"
813477,EIXODETRAĂĂODAPORCAACIONADORA-ZINCADO,UNIDADE,UN,"705,00"
813041,EIXODETRAĂĂODOBASCULANTE(MODELOANTIGO),UNIDADE,UN,"276,00"
2010083,EIXODESLIZANTECOMPLETO02ENTRADASZAMACEX,UNIDADE,UN,AGLMOTORES
701156,EIXODOMOTORINDUSTRIAL-BRUTO,UNIDADE,UN,"450,00"
813525,"EIXOESTAMPADOPARAMOTORTRINOLIGHT/300
-ZINCADO",UNIDADE,UN,"5.781,00"
701154,EIXOMOTORDESLIZANTE-BRUTO,UNIDADE,UN,"631,00"
701243,EIXOPRINCIPALBVCADENA,UNIDADE,UN,"39,00"
813012,EIXOPRINCIPALDOACIONAMENTOBV-ZINCADO,UNIDADE,UN,"70,41"
701147,EIXOPRINCIPALDOACIONAMENTOBV/PIVO-BRUTO,UNIDADE,UN,"4.377,00"
701155,EIXOPRINCIPALDONEWBV-BRUTO,UNIDADE,UN,"1.389,00"
813114,EIXOPRINCIPALDONEWBV1ENTRADA-ZINCADO,UNIDADE,UN,"611,00"
401226,ELODEEMENDACL410-RCCCORRENTEBVCADENA,UNIDADE,UN,"389,00"
811853,"EMBALAGEMPARAACIONAMENTOBVCADENA1,5MCOMIMPRESSĂO",UNIDADE,UN,"220,33"
811866,EMBALAGEMPLĂSTICAPEĂASREPOSIĂĂOCOMLOGO(150MMX200MM),UNIDADE,UN,"4.500,00"
PĂĄgina,8,/,21,
,,,,
EmissĂŁoem:,,,,
EstoqueProdutos-LocaldeEstoque,02/09/202520:07:14,,,
LOCAL:,MOTORES,,,
,,,,
CĂłdigo,DescriĂ§ĂŁoProduto,Embalagem,UN,ReferĂȘncia
811872,EMBALAGEMPLĂSTICAPEĂASREPOSIĂĂOCOMLOGO(150MMX300MM),UNIDADE,UN,"11.199,00"
813243,ENGRENAGEMEXTERNAMOTORINDUSTRIAL,UNIDADE,UN,"30,00"
813037,ENGRENAGEMEXTERNAMOTOR17DENTES,UNIDADE,UN,"9.297,00"
813096,ENGRENAGEMEXTERNA17DPARAEIXOESTAMPADOTRINOLIGHT/300,UNIDADE,UN,AGLELETRONICOS
813099,ENGRENAGEMINTERNADEZAMACDODESLIZANTETRINOSPEED300/5002ENTRADAS,UNIDADE,UN,AGLELETRONICOS
813100,ENGRENAGEMINTERNADEZAMACDODESLIZANTETRINO700/9001ENTRADA300/500,UNIDADE,UN,AGLELETRONICOS
813539,ENGRENAGEMINTERNADE1ENTRADAC/IMĂNYLON615%FV,UNIDADE,UN,"900,00"
813094,ENGRENAGEMINTERNADE1ENTRADADZENEWBVCOMIMĂ,UNIDADE,UN,"1.547,00"
813289,ENGRENAGEMINTERNADE1ENTRADADZENEWBVSEMIMĂ,UNIDADE,UN,"3.265,00"
2010389,ENGRENAGEMINTERNATRINOIZZY300/500SPEEDTURBOPRĂ-COMIMĂ,UNIDADE,UN,AGLMOTORES
2010215,ENGRENAGEMINTERNATRINOLIGHT300/500-SEMIMĂEX,UNIDADE,UN,AGLMOTORES
701157,ENGRENAGEMINTERNA1ENTRADAPARAMOTORINDUSTRIAL-BRUTO,UNIDADE,UN,AGLELETRONICOS
813506,ENGRENAGEMINTERNA1ENTRADAPARAMOTORINDUSTRIALDENYLON,UNIDADE,UN,"143,00"
813247,ENGRENAGEM2ENTRADASNEWBVCOMIMĂ,UNIDADE,UN,"619,00"
813295,ENGRENAGEM2ENTRADASNEWBVSEMIMĂ,UNIDADE,UN,"400,00"
402018,ESPAGUETE3/8LISO10MMX150MM,METRO,MT,"748,70"
603036,ESTATORAVULSOPARAMOTORAC600-NUCLEOMOTORDESMONT.P/AUTOMATIZADORP/PORTADEENROLARAC600,UNIDADE,UN,"200,00"
412173,ESTATORBOBINADOAGLBV/NEWBV/PIVOP281/5cv0442127V60H-DOORLINE,UNIDADE,UN,"878,00"
412008,ESTATORBOBINADOAGLBV/NEWBV/PIVOP281/5cv0442127V60Hz,UNIDADE,UN,"661,00"
412145,ESTATORBOBINADOAGLBV/NEWBV/PIVOP281/5cv0442220V50Hz,UNIDADE,UN,"297,00"
412155,ESTATORBOBINADOAGLBV/NEWBV/PIVOP281/5cv0442220V60Hz,UNIDADE,UN,"451,00"
412149,ESTATORBOBINADOAGLBV/NEWBV/PIVOP331/3cv0442z220V50Hz,UNIDADE,UN,"413,00"
412023,ESTATORBOBINADOAGLBV/NEWBV/PIVOP331/4cv0442z127V60Hz,UNIDADE,UN,"64,00"
412150,ESTATORBOBINADOAGLBV/NEWBV/PIVOP331/4cv0442z220V60Hz,UNIDADE,UN,"260,00"
412032,ESTATORBOBINADOAGLDESLP171/7cv0442Z127V60HZ,UNIDADE,UN,"276,00"
412030,ESTATORBOBINADOAGLDESLP171/7cv0442Z220V50HZ,UNIDADE,UN,"312,00"
412020,ESTATORBOBINADOAGLDESLP171/7cv0442Z220V60HZ,UNIDADE,UN,"1,00"
412080,ESTATORBOBINADOAGLDESLP222P220V60HZ,UNIDADE,UN,"114,00"
412152,ESTATORBOBINADOAGLDESLP241/4CV4P3F110V60HZ,UNIDADE,UN,"24,00"
412160,ESTATORBOBINADOAGLDESLP242P127V60HZ,UNIDADE,UN,"25,00"
412065,ESTATORBOBINADOAGLDESLP242P220V60HZ,UNIDADE,UN,"164,00"
412006,ESTATORBOBINADOAGLDESLP281/4cv0442Z127V60Hz,UNIDADE,UN,"117,00"
412146,ESTATORBOBINADOAGLDESLP281/4cv0442Z220V50HZ,UNIDADE,UN,"21,00"
412026,ESTATORBOBINADOAGLDESLP281/4cv0442Z220V60Hz,UNIDADE,UN,"106,00"
412101,ESTATORBOBINADOAGLDESLP331/4cv0442Z127V60Hz,UNIDADE,UN,"122,00"
412164,ESTATORBOBINADOAGLDESLP331/4cv0442Z220V50Hz,UNIDADE,UN,"3,00"
PĂĄgina,9,/,21,
,,,,
EmissĂŁoem:,,,,
EstoqueProdutos-LocaldeEstoque,02/09/202520:07:14,,,
LOCAL:,MOTORES,,,
,,,,
CĂłdigo,DescriĂ§ĂŁoProduto,Embalagem,UN,ReferĂȘncia
412028,ESTATORBOBINADOAGLDESLP331/4cv0442Z220V60Hz,UNIDADE,UN,"61,00"
412159,ESTATORBOBINADOAGLDESLP394P3F110V60HZ,UNIDADE,UN,"20,00"
412167,ESTATORBOBINADOAGLDESLP451/2cv0442Z127V60Hz,UNIDADE,UN,"6,00"
412014,ESTATORBOBINADOAGLDESLP60STRONG1/3cv0442Z220V60HZ,UNIDADE,UN,"23,00"
412169,ESTATORBOBINADOAGLDESLP80STRONG3/4127V60HZ,UNIDADE,UN,"39,00"
412158,ESTATORBOBINADOAGLDESLP80STRONG3/4220V50/60HZ,UNIDADE,UN,"162,00"
412121,ESTATORBOBINADOAGLNEWBVP171/7cv0442Z127V60HZ,UNIDADE,UN,"98,00"
412063,ESTATORBOBINADOAGLNEWBVP171/7cv0442Z220V50HZ,UNIDADE,UN,"427,00"
412120,ESTATORBOBINADOAGLNEWBVP171/7cv0442Z220V60HZ,UNIDADE,UN,"191,00"
412024,ESTATORBOBINADOAGLNEWBVP390442Z127V60HZ,UNIDADE,UN,"49,00"
412151,ESTATORBOBINADOAGLNEWBVP390442Z220V60HZ,UNIDADE,UN,"226,00"
412378,ESTATORBOBINADOAGLNEWBV/BVSPEEDTURBOPROP174P3F110V60HZ,UNIDADE,UN,"25,00"
412038,ESTATORBOBINADOAGLNEWBV/BVSPEEDTURBOPROP394P3F110V60HZ,UNIDADE,UN,"185,00"
813416,ESTATOREROTORP17220V60HZMONTADOPARATRINOLIGHT/300/IZZY300,UNIDADE,UN,"15,00"
2030065,ESTATOREROTORP33127V60HZMONTADOPARATRINO700/IZZY700,UNIDADE,UN,AGLMOTORES
2030067,ESTATOREROTORP45127V60HZMONTADOPARATRINO900/IZZY900,UNIDADE,UN,AGLMOTORES
402039,"ESTICADOROLHALCOMGANCHO8MM5/16""GALVANIZADO",UNIDADE,UN,"207,00"
811311,ETIQUETAADES.BOPPFOSCOC/DFAM50MMX25MMX02CAR,UNIDADE,UN,"5.246,00"
811860,ETIQUETAADES.BOPPFOSCO40MMX15MMX02CARAMARELA,UNIDADE,UN,"9.000,00"
811306,ETIQUETAADES.COUCHE100MMX80MMX01CAR,UNIDADE,UN,"5.914,41"
811327,ETIQUETAADES.COUCHE100MMX80MMX01CARAMARELA,UNIDADE,UN,"9.702,00"
811329,ETIQUETAADES.COUCHE100MMX80MMX01CARAZUL,UNIDADE,UN,"8.342,00"
811328,ETIQUETAADES.COUCHE100MMX80MMX01CARVERDE,UNIDADE,UN,"3.322,00"
811330,ETIQUETAADES.COUCHE100MMX80MMX01CARVERMELHA,UNIDADE,UN,"13.764,00"
46290,EtiquetaAdes.Couche12mmX12mmX04CarRed..-ET.01,MIL,MIL,"21.188,00"
46291,EtiquetaAdes.Couche12mmX12mmX04CarRed..-ET.02,MIL,MIL,"21.188,00"
811309,ETIQUETAADES.COUCHE30MMX10MMX03CAR,UNIDADE,UN,"199.709,00"
811276,ETIQUETAADES.COUCHE40MMX25MMX02CAR,UNIDADE,UN,"36.654,90"
811312,ETIQUETAADES.COUCHE90MMX55MMX01CAR,UNIDADE,UN,"3.618,00"
811318,ETIQUETARESINADAPARACANCELAAGUSTA,UNIDADE,UN,"9,00"
811319,ETIQUETARESINADAPARACANCELALOGOAGL,UNIDADE,UN,"156,00"
102572,FILMEPLĂSTICOTERMOENCOLHĂVELGROSSO60CM,METRO,MT,AGLELETRONICOS
813015,FIMDECURSOMECANICO-ZINCADO,UNIDADE,UN,"6.450,00"
103795,"FIOPARALELO1,5MMN14BCMEGA100M",METRO,MT,AGLELETRONICOS
103794,"FIOPARALELO2,5MMN12BCMEGA100M",METRO,MT,AGLELETRONICOS
105008,"FITADEARQUEAR10X0,65AZULC/3000",METRO,MT,AGLELETRONICOS
PĂĄgina,10,/,21,
,,,,
EmissĂŁoem:,,,,
EstoqueProdutos-LocaldeEstoque,02/09/202520:07:14,,,
LOCAL:,MOTORES,,,
,,,,
CĂłdigo,DescriĂ§ĂŁoProduto,Embalagem,UN,ReferĂȘncia
916117,FITALED5050RGB60LEDS/MIP6512V5M,UNIDADE,UN,"12,00"
105011,FLUXO4300-SCH=NOCLEAN,LITROS,LT,"43,79"
102568,FONTEDEALIMENTAĂĂO12V-3APOWERSUPPLIER,UNIDADE,UN,AGLELETRONICOS
102815,FONTEDEALIMENTAĂĂO12V-5APOWERSUPPLIER,UNIDADE,UN,AGLELETRONICOS
813181,"FUSOP7.5MMDE0,50ME2ENTRADAS",UNIDADE,UN,"1.492,00"
813182,"FUSOP7.5MMDE0,75ME2ENTRADASPIVO",UNIDADE,UN,"984,00"
813183,"FUSOP7.5MMDE1,0ME2ENTRADAS",UNIDADE,UN,"1.012,00"
813275,"FUSOP7.5MMDE1,4ME4ENTRADASBV",UNIDADE,UN,"86,00"
813184,"FUSOP7.5MMDE1,5ME2ENTRADAS",UNIDADE,UN,"180,00"
813050,"FUSOP7.5MMDE1,5ME4ENTRADASBV",UNIDADE,UN,"924,00"
813017,"FUSOP7.5MMDE1,5ME5ENTRADAS",UNIDADE,UN,"928,00"
813212,"FUSOP7.5MMDE1,75ME4ENTRADASBV",UNIDADE,UN,"30,00"
813216,"FUSOP7.5MMDE1,75ME5ENTRADAS",UNIDADE,UN,"83,00"
813044,"FUSOP7.5MMDE2,0ME4ENTRADASBV",UNIDADE,UN,"77,00"
813186,"FUSOP7.5MMDE2,0ME5ENTRADAS",UNIDADE,UN,"30,00"
813045,"FUSOP7.5MMDE2,0ME6ENTRADAS",UNIDADE,UN,"34,00"
813158,"FUSOP7.5MMDE2,5ME4ENTRADASBV",UNIDADE,UN,"23,00"
813188,"FUSOP7.5MMDE2,5ME5ENTRADAS",UNIDADE,UN,"60,00"
813141,"FUSOP7.5MMDE2,5ME6ENTRADAS",UNIDADE,UN,"49,00"
813159,"FUSOP7.5MMDE3,0ME4ENTRADASBV",UNIDADE,UN,"26,00"
813204,"FUSOP7.5MMDE3,0ME5ENTRADAS",UNIDADE,UN,"30,00"
813189,"FUSOP7.5MMDE3,0ME6ENTRADAS",UNIDADE,UN,"65,00"
813191,"FUSOP7.5MMDE3,5ME5ENTRADAS",UNIDADE,UN,"28,00"
813155,"FUSOP7.5MMDE3,5ME6ENTRADAS",UNIDADE,UN,"66,00"
813160,"FUSOP7.5MMDE4,0ME4ENTRADASBV",UNIDADE,UN,"13,00"
813190,"FUSOP7.5MMDE4,0ME5ENTRADAS",UNIDADE,UN,"2,00"
813192,"FUSOP7.5MMDE4,0ME6ENTRADAS",UNIDADE,UN,"34,00"
813193,"FUSOP7.5MMDE4,5ME5ENTRADAS",UNIDADE,UN,"10,00"
813194,"FUSOP7.5MMDE4,5ME6ENTRADAS",UNIDADE,UN,"21,00"
813210,FUSOP7.5MMDE5ME6ENTRADAS,UNIDADE,UN,"14,00"
813163,"FUSOP7.5MMDE5,0ME4ENTRADASBV",UNIDADE,UN,"3,00"
813195,"FUSOP7.5MMDE5,5ME6ENTRADAS",UNIDADE,UN,"10,00"
813196,"FUSOP7.5MMDE6,0ME6ENTRADAS",UNIDADE,UN,"30,00"
813307,"FUSOP.60Ă1/2DE1,4M",UNIDADE,UN,"1.432,00"
813364,"FUSOP.60Ă1/2DE1,5M",UNIDADE,UN,"1.841,00"
813366,"FUSOP.60Ă1/2DE2,0M",UNIDADE,UN,"44,00"
PĂĄgina,11,/,21,
,,,,
EmissĂŁoem:,,,,
EstoqueProdutos-LocaldeEstoque,02/09/202520:07:14,,,
LOCAL:,MOTORES,,,
,,,,
CĂłdigo,DescriĂ§ĂŁoProduto,Embalagem,UN,ReferĂȘncia
813367,"FUSOP.60Ă1/2DE2,5M",UNIDADE,UN,"19,00"
813368,"FUSOP.60Ă1/2DE3,0M",UNIDADE,UN,"24,00"
813369,"FUSOP.60Ă1/2DE3,5M",UNIDADE,UN,"11,00"
813357,"FUSOP.60Ă5/8DE1,4M",UNIDADE,UN,"407,00"
813304,"FUSOP.60Ă5/8DE1,5M",UNIDADE,UN,"508,00"
813358,"FUSOP.60Ă5/8DE1,75M",UNIDADE,UN,"12,00"
813359,"FUSOP.60Ă5/8DE2,0M",UNIDADE,UN,"35,00"
813360,"FUSOP.60Ă5/8DE2,5M",UNIDADE,UN,"26,00"
813361,"FUSOP.60Ă5/8DE3,0M",UNIDADE,UN,"12,00"
813362,"FUSOP.60Ă5/8DE3,5M",UNIDADE,UN,"12,00"
813242,"FUSOP.60Ă5/8DE4,0M",UNIDADE,UN,"9,00"
813381,"FUSOP.60Ă5/8DE4,5M",UNIDADE,UN,"18,00"
813363,"FUSOP.60Ă5/8DE5,0M",UNIDADE,UN,"7,00"
813384,"FUSOP.60Ă5/8DE5,5M",UNIDADE,UN,"4,00"
811104,GABARITODEINSTALAĂĂOLINHATRINO,UNIDADE,UN,"13.388,00"
801220,GABINETEDACANCELA-BRANCA,UNIDADE,UN,"3,00"
801219,GABINETEDACANCELA-CINZA,UNIDADE,UN,"12,00"
1015555,GABINETEDACANCELAAGUSTABRUSHLESSS/PORTA-CINZA,UNIDADE,UN,AGLELETRONICOS
801251,GABINETEDACANCELAAGUSTALIGHT-CINZA,UNIDADE,UN,"6,00"
813128,GOMOALUMINIO25CMP/CREMALHEIRAMOTORSTRONG,UNIDADE,UN,"3.044,00"
813127,GOMONYLON25CMP/CREMALHEIRAMOTORSTRONG,UNIDADE,UN,AGLELETRONICOS
813146,GOMO25CMP/CREMALHEIRAALUMĂNIO,UNIDADE,UN,"11.200,00"
813080,GOMO25CMP/CREMALHEIRAPLASTICO-PRETO,UNIDADE,UN,"2.098,44"
201125,GRAMPO35/18UNIDADE,UNIDADE,UN,AGLMOTORES
501043,GRAXABRANCASACHE10G,UN,UN,"2.133,00"
401224,"GRAXEIRARETAM6X1,0-ACOZINCADO",UNIDADE,UN,"179,00"
813356,GUIADAARTICULAĂĂOZINCADA-BARREIRAARTICULADA,UNIDADE,UN,"8,00"
813355,GUIAESTICADORZINCADO-BARREIRAARTICULADACANCELA,UNIDADE,UN,"8,00"
208004,IMĂDEFERRITE-B20X13X5MM,UNIDADE,UN,AGLMOTORES
208003,IMĂDEFERRITE-B40X20X10MM,UNIDADE,UN,AGLMOTORES
510027,INLUBGRAXMP2/TI,QUILOGRAMA,KG,"455,87"
2003001,"INTER.DIGI.DIGITALKEY6P20433,92BRANCOCOMBOTĂOBRANCOAGL",UNIDADE,UN,AGLMOTORES
2003003,"INTER.DIGI.DIGITALKEY6P20433,92BRANCOCOMBOTĂOPRETOAGL",UNIDADE,UN,AGLMOTORES
2003041,"INTER.DIGI.DIGITALKEY6P20433,92BRANCOCOMBOTĂOPRETOKRIPT",UNIDADE,UN,AGLMOTORES
2003008,"INTER.DIGI.DIGITALKEY6P20433,92PRETOCOMBOTĂOBRANCOAGL",UNIDADE,UN,AGLMOTORES
2003018,"INTER.DIGI.DIGITALKEY6P20433,92PRETOCOMBOTĂOPRETOAGLEX",UNIDADE,UN,AGLMOTORES
PĂĄgina,12,/,21,
,,,,
EmissĂŁoem:,,,,
EstoqueProdutos-LocaldeEstoque,02/09/202520:07:15,,,
LOCAL:,MOTORES,,,
,,,,
CĂłdigo,DescriĂ§ĂŁoProduto,Embalagem,UN,ReferĂȘncia
2007021,ITEMDESCONTINUADO-CONJUNTOMOVIMENTADORTRINOPIVĂ3127V-1M-DUPLO,UNIDADE,UN,AGLMOTORES
2007023,"ITEMDESCONTINUADO-CONJUNTOMOVIMENTADORTRINOPIVĂ3127V-1,5M-DUPLO",UNIDADE,UN,AGLMOTORES
2010302,ITEMDUPLICADO-NOBREAKPARAMOTORDEENROLARDC800,UNIDADE,UNIDADE,AGLMOTORES
813549,JUNĂĂOPOSICIONADORAPIVOROBĂ-ZINCADO,UNIDADE,UN,"3,00"
813014,LINGUETADOCILINDRODAALAVANCADEDESTRAVAMENTOMANUALDZZI,UNIDADE,UN,"6.219,00"
813040,MANCALDECENTRAGEM,UNIDADE,UN,"4.413,64"
813491,MANCALDEENCAIXEDOACIONAMENTOBVCADENA-ZINCADO,UNIDADE,UN,"57,00"
813513,MANCALDEJUNĂĂODOSUPORTEDABARREIRA(FĂMEA),UNIDADE,UN,"75,00"
813512,MANCALDEJUNĂĂODOSUPORTEDABARREIRA(MACHO),UNIDADE,UN,"77,00"
402040,"MANCALOVALUCFL205-16ROLUC205-16PARAEIXO25,4",UNIDADE,UN,"160,00"
813054,MANCALPERFILINFERIOR,UNIDADE,UN,"281,41"
813048,MANCALPERFILSUPERIORBV,UNIDADE,UN,"3.029,41"
813317,MANCALSUPERIORDOPIVO,UNIDADE,UN,"2.865,00"
813475,MANCALTENSIONADORBVCADENA-ZINCADO,UNIDADE,UN,"4,00"
209001,MANG3/4PRETAPESADA,METRO,MT,AGLMOTORES
811043,MANUALCANCELASEMLOGOEMPORTUGUĂS,UNIDADE,UN,"54,00"
811032,MANUALDEINSTALAĂĂOLINHADESLIZANTEBRABUSSEMLOGOBILĂNGUE(CENTRALFXBRABUS),UNIDADE,UN,"1.051,00"
811039,MANUALDEINSTALAĂĂOLINHADESLIZANTETURBOSEMLOGOESPANHOL(CENTRALNEWINVERTER),UNIDADE,UN,"627,00"
811106,MANUALDEINSTALAĂĂOLINHADESLIZANTETURBOSEMLOGOPORTUGUĂS(CENTRALNEWINVERTER),UNIDADE,UN,"607,00"
811038,MANUALDEINSTALAĂĂOLINHADZHORIZONTALSEMLOGOESPANHOL(CENTRALFLEX),UNIDADE,UN,"475,00"
811033,MANUALDEINSTALAĂĂOLINHADZHORIZONTALSEMLOGOPORTUGUĂS(CENTRALFLEX),UNIDADE,UN,"482,00"
811040,MANUALDEINSTALAĂĂOLINHAIZZYQRCODEBILINGUE,UNIDADE,UN,"5.063,00"
811042,MANUALDEINSTALAĂĂOLINHANEWBVTURBOSEMLOGOESPANHOL(CENTRALNEWINVERTER),UNIDADE,UN,"532,00"
811041,MANUALDEINSTALAĂĂOLINHANEWBVTURBOSEMLOGOPORTUGUĂS(CENTRALNEWINVERTER),UNIDADE,UN,"397,00"
811037,MANUALDEINSTALAĂĂOLINHAPIVOTANTESEMLOGOESPANHOL(CENTRALFLEX/DUPLA),UNIDADE,UN,"421,00"
811034,MANUALDEINSTALAĂĂOLINHAPIVOTANTESEMLOGOPORTUGUĂS(CENTRALFLEX/DUPLA),UNIDADE,UN,"1.311,00"
811788,MANUALDEINSTALAĂĂOTRASEIRODOACIONAMENTODOBV(MANCAL),UNIDADE,UN,"4.086,00"
811107,MANUALLINHABASCULANTE/NEWBVSEMLOGOESPANHOL(CENTRALFLEX/LIGHT),UNIDADE,UN,"1.274,00"
811825,MANUALLINHASTRONG2000SEMLOGOEMESPANHOL(CENTRALCCMDINDUSTRIAL),UNIDADE,UN,"142,00"
811824,MANUALLINHASTRONG2000SEMLOGOEMPORTUGUĂS(CENTRALCCMDINDUSTRIAL),UNIDADE,UN,"165,00"
811787,MANUALP/AUTOMATIZADORDZ/BV/NEWBVCENTRALFLEX/LIGHTEMESPANHOLSEMLOGO,UNIDADE,UN,"1.670,00"
811122,MANUALP/AUTOMATIZADORDZ/BV/NEWBVCENTRALFLEX/LIGHTEMPORTUGUĂSSEMLOGO,UNIDADE,UN,"4.972,00"
500035,MANUALPISTONCLICK,UNIDADE,UN,"206,00"
102806,MICROCHAVENS0-040DPARABVCORRENTE,UNIDADE,UN,AGLELETRONICOS
100226,MICROCONTROLADORZY-AGL433-REMOTEPCB-ZYAGL.,UNIDADE,UN,AGLELETRONICOS
813293,MIOLODOCILINDRONYLONMOTORDESLIZANTE,UNIDADE,UN,"7.047,00"
PĂĄgina,13,/,21,
,,,,
EmissĂŁoem:,,,,
EstoqueProdutos-LocaldeEstoque,02/09/202520:07:15,,,
LOCAL:,MOTORES,,,
,,,,
CĂłdigo,DescriĂ§ĂŁoProduto,Embalagem,UN,ReferĂȘncia
403043,MOLACĂNICADOFREIODESLIZANTEĂ1.8,PC,UN,"13.684,00"
403027,MOLACĂNICADOFREIODESLIZANTEĂ2.4,PC,UN,"30.423,00"
403032,MOLADEDESTRAVAMENTODESLIZANTE,UN,UN,"10.193,00"
403050,"MOLADEDESTRAVAMENTOMOTORINDUSTRIALFIO2,40MMX80,00MM",UN,UN,"892,00"
403047,MOLADOFREIOMOTORPIVOTANTE/NEWBV,UNIDADE,UN,"4.670,00"
403055,MOLADOFREIONEWBVHEAVYSPEED,UNIDADE,UN,"879,00"
403049,MOLAPARADESTRAVAMENTOPIVOTANTE,UN,UN,"2.684,00"
603022,MOTORAVULSODEAUTOMATIZADORPARAPORTASAGL01-AC300220V,UNIDADE,UN,"244,00"
603025,MOTORAVULSODEAUTOMATIZADORPARAPORTASDEENROLAR-AC400,UNIDADE,UN,"98,00"
603026,MOTORAVULSODEAUTOMATIZADORPARAPORTASDEENROLAR-AC500,UNIDADE,UN,"103,00"
603027,MOTORAVULSODEAUTOMATIZADORPARAPORTASDEENROLAR-AC600,UNIDADE,UN,"164,00"
603034,MOTORAVULSODEAUTOMATIZADORPARAPORTASDEENROLAR-DC1000,UNIDADE,UN,"15,00"
603035,MOTORAVULSODEAUTOMATIZADORPARAPORTASDEENROLAR-DC1500,UNIDADE,UN,"10,00"
603030,MOTORAVULSODEAUTOMATIZADORPARAPORTASDEENROLAR-DC200,UNIDADE,UN,"37,00"
603031,MOTORAVULSODEAUTOMATIZADORPARAPORTASDEENROLAR-DC300,UNIDADE,UN,"30,00"
603032,MOTORAVULSODEAUTOMATIZADORPARAPORTASDEENROLAR-DC500,UNIDADE,UN,"24,00"
603033,MOTORAVULSODEAUTOMATIZADORPARAPORTASDEENROLAR-DC800,UNIDADE,UN,"33,00"
916058,NOBREAKDC-PARAPORTADEENROLAR,UNIDADE,UN,"12,00"
401172,PACOMETS/CABSXINTPTACONCOVAM8X20MMOX,UNIDADE,UN,"521,00"
401140,"PACO12,9METCILSXINTM8X30MMOX",UNIDADE,UN,"36,00"
401208,PAMQPNHXLT25TMA5X12RIZB,UNIDADE,UN,"16.168,00"
46932,PALETEIRA2.000KG,UN,UN,"1,00"
401233,"PARCABFRANC5/16""X2""ZIC/PORCA",UNIDADE,UN,"1.372,00"
401232,"PARCABFRANC5/16""X3/4""ZIC/PORCA",UNIDADE,UN,"1.248,00"
401235,PARAFALLENC/CAB912M14X35ZB,UNIDADE,UN,"171,00"
401044,PARAFUSOA/APANPHS2.9X9.5,UNIDADE,UN,"19.273,00"
401182,PARAFUSOAĂOMETCILSXINTM10X40MMOX,UNIDADE,UN,"723,00"
401141,PARAFUSOAĂOMETCILSXINTM6X30MMOX,UNIDADE,UN,"4.121,00"
401255,PARAFUSOAĂOMETCILSXINTM8X25MMRI,UNIDADE,UN,"570,00"
401180,PARAFUSOAĂOMETCILSXINTM8X45MMOX,UNIDADE,UN,"1.345,00"
401181,PARAFUSOAĂOMETCILSXINTM8X50MMOX,UNIDADE,UN,"187,00"
401267,PARAFUSOAĂOMETS/CABSXINTPTACONCOVAM10X40MM,UNIDADE,UN,"466,00"
401228,PARAFUSOALLENRIM3X16ZI,UNIDADE,UN,"2.273,00"
401283,"PARAFUSOCABFRANCESAC/PORCA1/4X2""ZI",UNIDADE,UN,"696,00"
401227,PARAFUSOCABFRANCESAC/PORCA1/4X5/8ZI,UNIDADE,UN,"3.198,00"
401039,PARAFUSOFRANCES5/16-18X1UNCFE.ZB,UN,UN,"2.500,00"
PĂĄgina,14,/,21,
,,,,
EmissĂŁoem:,,,,
EstoqueProdutos-LocaldeEstoque,02/09/202520:07:15,,,
LOCAL:,MOTORES,,,
,,,,
CĂłdigo,DescriĂ§ĂŁoProduto,Embalagem,UN,ReferĂȘncia
401156,PARAFUSOMADSX1/4X70MMZI,UNIDADE,UN,"27.698,00"
401190,PARAFUSOMETSXRIM10X100MMZI,UNIDADE,UN,"541,00"
401095,PARAFUSOMETSXTRIM6-1.00MAX20ZI,UNIDADE,UN,"39.961,00"
401160,PARAFUSOMQHXLM5X16MMRIT25ZBR,UNIDADE,UN,"9.337,00"
401260,PARAFUSOMQPNHXLT25TMA5X45PS30ZB(ROSCACOMPLETA),UNIDADE,UN,"10.091,00"
401164,PARAFUSOMQUNCSXRI1/4X1/2ZI,UNIDADE,UN,"70.517,00"
401115,PARAFUSOMQUNCSXTRI1/4X1.1/4-ZI,UNIDADE,UN,"43.254,00"
401254,PARAFUSOPAALLENM6x12,UNIDADE,UN,"2.641,00"
401072,PARAFUSOPAALLENM6x16,UNIDADE,UN,"21,00"
401051,PARAFUSOPAALLENM6x20,UNIDADE,UN,"1.316,00"
401136,"PARAFUSOPANCRUZ3,5MMX14MM(FABR.AGL)-ZINCADO",UNIDADE,UN,"27.899,00"
401134,"PARAFUSOPANCRUZ3,5MMX27MM(FABR.AGL)-ZINCADO",UNIDADE,UN,"41.327,00"
401257,PARAFUSOPANPHSMETRIM5X12ZB,CT,CT,"12.000,00"
401161,PARAFUSOPANZBRP/CHAVETORXM5X20MMT25,UNIDADE,UN,"45.292,00"
401162,PARAFUSOPANZBRP/CHAVETORXM5X25MMT25,UNIDADE,UN,"8.631,00"
401157,PARAFUSOPANZBRP/CHAVETORXM5X30MMT25,UNIDADE,UN,"6.301,00"
401198,PARAFUSOPLASTICPANPHILLIPS4X10ZB-ZINCADO,UNIDADE,UN,"1.878,00"
401163,PARAFUSOPLASTICPANPHS5X12MMZI,UNIDADE,UN,"251.377,00"
401108,PARAFUSOPLASTICPANPHS5X25MMZI,UNIDADE,UN,"79.620,00"
401069,PARAFUSO29X13MMA/APANPHSZI,UNIDADE,UN,"38.217,00"
401014,PARAFUSO2.9X6.5A/APANPHSZI,UNIDADE,UN,"42.957,00"
401002,PARAFUSO3.5X13A/ACH.PH-ZI,UNIDADE,UN,"54,00"
401012,PARAFUSO3.5X13CH.PH-OXI,UNIDADE,UN,"1.553,00"
401007,PARAFUSO4.8X13A/APN.PH-ZI,UNIDADE,UN,"61.324,00"
401006,PARAFUSO4.8X19PN.PH-ZI,UNIDADE,UN,"2.637,00"
401010,PARAFUSO6.3X13AAPANPHSZBR,UNIDADE,UN,"23.000,00"
802036,PARTEDEFECHADURAS-CILINDROCOMCHAVEPARAMOTOR-CYLINDER,UNIDADE,UN,AGLELETRONICOS
813047,PASSAFIODOBV,UNIDADE,UN,"8.328,00"
813395,PASSAFIODONEWBV,UNIDADE,UN,"1.850,00"
201039,PERFILALSOL7STLF-08466063T5,QUILOGRAMA,KG,AGLMOTORES
201038,PERFILALSOL7STLF-08646063,QUILOGRAMA,KG,AGLMOTORES
201109,PERFILALSTL1851CANCELAS,QUILOGRAMA,KG,AGLELETRONICOS
813557,"PERFILAL0,50MSOL7STLF-08646063",UNIDADE,UN,AGLELETRONICOS
813396,"PERFILAL0,75MSOL7STLF-08646063",UNIDADE,UN,AGLELETRONICOS
813397,"PERFILAL1,0MSOL7STLF-08646063",UNIDADE,UN,AGLELETRONICOS
813398,"PERFILAL1,4MSOL7STLF-08646063",UNIDADE,UN,AGLELETRONICOS
PĂĄgina,15,/,21,
,,,,
EmissĂŁoem:,,,,
EstoqueProdutos-LocaldeEstoque,02/09/202520:07:15,,,
LOCAL:,MOTORES,,,
,,,,
CĂłdigo,DescriĂ§ĂŁoProduto,Embalagem,UN,ReferĂȘncia
813399,"PERFILAL1,5MSOL7STLF-08646063",UNIDADE,UN,AGLELETRONICOS
813563,"PERFILAL1,75MSOL7STLF-08646063",UNIDADE,UN,AGLELETRONICOS
813400,"PERFILAL2,0MSOL7STLF-08646063",UNIDADE,UN,AGLELETRONICOS
813558,"PERFILAL2,5MSOL7STLF-08646063",UNIDADE,UN,AGLELETRONICOS
813562,"PERFILAL3,25MSOL7STLF-08646063",UNIDADE,UN,AGLELETRONICOS
813523,"PERFILENRIJECIDOPF.UE.ZC75X40X15X01,95X6000",UNIDADE,UN,"711,30"
813482,"PERFILENRIJECIDO75X40X2PARABVCADENA1,5M",UNIDADE,UN,"17,00"
813484,"PERFILENRIJECIDO75X40X2PARABVCADENA2,0M",UNIDADE,UN,"3,00"
813494,"PERFILENRIJECIDO75X40X2PARABVCADENA3,0M",UNIDADE,UN,"1,00"
201072,PERFILSTLF-03066063T5NT6025,QUILOGRAMA,KG,"7,50"
201147,PERFILSTLF-11966063T5NT6000,QUILOGRAMA,KG,"46,57"
401207,"PFA/AJMCDRILLFLPHSC/SERRILHAPTABROCA4,2X13MMZI",UNIDADE,UN,"64.396,00"
401109,"PFA/APANPHS3,9X13MMZI",UNIDADE,UN,"2.237,00"
401169,"PFJMPPANPHS3,5X14MMZI",UNIDADE,UN,"25.043,00"
916168,PFLPCLENTEP/LEDC.6000MMLEITOSO,UNIDADE,UN,"1.761,04"
813254,PINODAGUIADECENTRAGEM,UNIDADE,UN,"18.745,28"
813511,PINODESTRAVAMENTOLINHABV/PORTACADEADOHZ/ESTICAD.CANCELA,UNIDADE,UN,"10.752,00"
701159,PINODESTRAVAMENTOMOTORDZINDUSTRIAL,UNIDADE,UN,"14,00"
813309,PINODESTRAVAMENTOPIVO,UNIDADE,UN,"1.650,00"
813237,PINODESTRAVAMENTOTRINO,UNIDADE,UN,"5.429,55"
402019,PINOELĂSTICO4X24MM,UNIDADE,UN,"52.414,00"
402014,PINOELĂSTICO4X30MM,UNIDADE,UN,"2.559,00"
701188,PINOPORTACADEADODZHORIZONTAL/ESTICADORMOLACANCELA-BRUTO,UNIDADE,UN,"3.269,00"
813327,PINOPORTACADEADODZHORIZONTAL/ESTICADORMOLACANCELA-ZINCADO,UNIDADE,UN,"120,41"
813321,PINOTRAVAPIVO-ZINCADO,UNIDADE,UN,"25,00"
911081,PLACAREVISADACENTRALBASICG,UNIDADE,UN,"498,00"
911083,PLACAREVISADACENTRALCCMDINDUSTRIAL,UNIDADE,UN,"118,00"
911085,PLACAREVISADACENTRALDUPLA,UNIDADE,UN,"320,00"
911080,PLACAREVISADACENTRALFLEX,UNIDADE,UN,"1.340,00"
911084,PLACAREVISADACENTRALIZZYINDUSTRIAL,UNIDADE,UN,"59,00"
911079,PLACAREVISADADOMODULOWIFI/BLUETOOTHCENTRALIZZY,UNIDADE,UN,"1.885,00"
911117,PLACAREVISADAFXBRABUS,UNIDADE,UN,"230,00"
911130,PLACAREVISADANOVACENTRALBASICG/LIGHT,UNIDADE,UN,"1.586,00"
911133,PLACAREVISADANOVACENTRALFLEX,UNIDADE,UN,"36,00"
911124,PLACAREVISADANOVACENTRALINVERSORA,UNIDADE,UN,"50,00"
911127,PLACAREVISADANOVACENTRALIZZY,UNIDADE,UN,AGLMOTORES
PĂĄgina,16,/,21,
,,,,
EmissĂŁoem:,,,,
EstoqueProdutos-LocaldeEstoque,02/09/202520:07:15,,,
LOCAL:,MOTORES,,,
,,,,
CĂłdigo,DescriĂ§ĂŁoProduto,Embalagem,UN,ReferĂȘncia
401166,POFMETSEXT.M5(CH8)ZI(NSC),UNIDADE,UN,"1.596,00"
813480,PORCAACIONADORABVCADENA-PEĂAFRONTAL,UNIDADE,UN,"420,00"
813478,PORCAACIONADORABVCADENA-PEĂATRASEIRA,UNIDADE,UN,"570,00"
401230,PORCABAIXAM20MBZI,UNIDADE,UN,"738,00"
813294,PORCADOCILINDRONYLONMOTORDESLIZANTE,UNIDADE,UN,"3.426,00"
813175,PORCADOFUSODE4ENTRADA,UNIDADE,UN,"651,00"
813176,PORCADOFUSODE5ENTRADAS,UNIDADE,UN,"138,00"
813177,PORCADOFUSODE6ENTRADAS,UNIDADE,UN,"623,41"
2010189,"PORCADOFUSODE6ENTRADASPARADESLIZANTEHORIZONTAL-2,5MA3,5M",UNIDADE,UN,AGLMOTORES
813269,PORCADOFUSONEWBVP.60Ă5/8,UNIDADE,UN,"1,00"
813316,PORCADOFUSO2ENTRADASPIVO(FĂMEA),UNIDADE,UN,"661,00"
813315,PORCADOFUSO2ENTRADASPIVO(MACHO),UNIDADE,UN,"582,00"
401077,PORCAFMETSEXTAVADAM10(CH17)ZI,UNIDADE,UN,"1.192,00"
401183,PORCAFMETSEXTAVADAM14(CH22)ZI(ISC),UNIDADE,UN,"496,00"
401184,PORCAFMETSEXTAVADAM8(CH13)ZI(NSC),UNIDADE,UN,"2.390,00"
401085,PORCAFMQUNCSEXT.1/4(CH7/16)ZI(NSC),UNIDADE,UN,"78.426,00"
401199,PORCAPARLOCKMA6MMZB,UNIDADE,UN,"1.223,00"
401201,PORCAPARLOCKMA8MMZB,UNIDADE,UN,"829,00"
801236,PORTADOGABINETECANCELA-BRANCA,UNIDADE,UN,"27,00"
801243,PORTADOGABINETECANCELA-CINZA,UNIDADE,UN,"20,00"
813236,PROTEĂĂODACOROA17DENTES,UNIDADE,UN,"1.137,00"
916310,RADARFOTOELĂTRICOPARAPORTASOCIAL(HS-MW01),UNIDADE,UN,"2,00"
401173,REBITEC/ROSCASEXT.M5CAB.PLANAZB,UNIDADE,UN,"3.169,00"
916012,RECEPTORDECONTROLEREMOTOPARAAUTOMATIZADORDEPORTADEENROLARAC220V,UNIDADE,UN,"1,00"
916188,RECEPTORPARACONTROLEDEACESSOINTELIGENTE-RECEIVER-MODELO:433,UNIDADE,UN,"4,00"
2010409,RELĂDEPARTIDADOMOTORDEENROLAR,UNIDADE,UN,AGLMOTORES
402013,RETENTORGR20X30X7TCGTOP,UNIDADE,UN,"916,00"
811278,RIBBONCERA110MMX74MTS,ROLO,UN,AGLELETRONICOS
811320,RLPELICULAADESIVAREFLETIVAGRAUCOMERCIALVERMELHO(62CMX20M),METRO,MT,"34,58"
813277,ROLAMENTOPLĂSTICODOFUSOBV,UNIDADE,UN,"2.155,41"
813263,ROLAMENTOPLĂSTICOEIXOENGRENAGEM,UNIDADE,UN,"1.125,00"
411015,ROLAMENTO6004ZZ/2RS,UNIDADE,UN,"4.750,00"
411067,ROLAMENTO6205LLUC3/2AS25mmx52mmx15mm,PC,UN,"125,00"
411017,ROLAMENTOS6201-08ZZC3,PC,UN,"35.608,00"
813472,ROLDANADENYLONDOBVCADENA-PEĂAFĂMEA,UNIDADE,UN,"495,00"
813473,ROLDANADENYLONDOBVCADENA-PEĂAMACHO,UNIDADE,UN,"553,00"
PĂĄgina,17,/,21,
,,,,
EmissĂŁoem:,,,,
EstoqueProdutos-LocaldeEstoque,02/09/202520:07:15,,,
LOCAL:,MOTORES,,,
,,,,
CĂłdigo,DescriĂ§ĂŁoProduto,Embalagem,UN,ReferĂȘncia
804095,ROLDANAPEQUENA-PRETA,UNIDADE,UN,"950,00"
201066,"ROLOZINCADO1,25X50NBR-7008-ZC",QUILOGRAMA,KG,AGLMOTORES
412027,ROTORAGLBV/PIVOP284POLOS,UNIDADE,UN,"953,00"
412161,ROTORAGLBV/PIVOP334POLOS,UNIDADE,UN,"838,00"
412095,ROTORAGLDESLP174POLOS,UNIDADE,UN,"25,00"
412371,ROTORAGLDESLP204POLOS,UNIDADE,UN,"622,00"
412081,ROTORAGLDESLP222POLOSEIXOC/VENTOINHA,UNIDADE,UN,"47,00"
412021,ROTORAGLDESLP244POLOSEIXOC/VENTOINHA,UNIDADE,UN,"113,00"
412005,ROTORAGLDESLP284POLOS,UNIDADE,UN,"45,00"
412112,ROTORAGLDESLP394POLOSEIXOC/VENTOINHA,UNIDADE,UN,"17,00"
412016,ROTORAGLDESLP454POLOSEIXOC/VENTOINHA,UNIDADE,UN,"51,00"
412153,ROTORAGLDESLP454POLOSEIXOC/VENTOINHAP/STRONG,UNIDADE,UN,"26,00"
412096,ROTORAGLDESLP604POLOSEIXOC/VENTOINHA,UNIDADE,UN,"29,00"
412036,ROTORAGLDESLP804POLOSEIXOC/VENTOINHA,UNIDADE,UN,"1,00"
412119,ROTORAGLNEWBVP174POLOS,UNIDADE,UN,"1.794,00"
412147,ROTORAGLNEWBVP284POLOS,UNIDADE,UN,"2.104,00"
412162,ROTORAGLNEWBVP334POLOS,UNIDADE,UN,"1.318,00"
412163,ROTORAGLNEWBVP394POLOS,UNIDADE,UN,"111,00"
412372,ROTORP20PIVO/BVWEG4POLOS,UNIDADE,UN,"823,00"
412373,ROTORP28PIVO/BVWEG4POLOS,UNIDADE,UN,"229,00"
811761,SACOPLASTICOTRANSPARENTE14CMX40CM,UNIDADE,UN,"1.175,00"
811505,SACOPLASTICOTRANSPARENTE14CMX9CM,UNIDADE,UN,"7.410,00"
811541,SACOPLASTICOTRANSPARENTE15CMX30CM,UNIDADE,UN,"20.126,41"
813108,SEMFIMDEDUASENTRADASAĂOBVANTIGO/BV3/BV4,UNIDADE,UN,"1.962,00"
813255,SEMFIMDEDUASENTRADASAĂODZ/NEWBV,UNIDADE,UN,"2.954,00"
813251,SEMFIMDEUMAENTRADAALUMĂNIOTRLIGTH/TR300/TR500,UNIDADE,UN,"16.676,00"
813253,SEMFIMDE1ENTRADAAĂO,UNIDADE,UN,"9.910,00"
813372,SEMFIMDOSTRONG,UNIDADE,UN,"309,00"
2010113,"SENSORDEFIMDECURSOREEDDOBASCULANTE2,0M",UNIDADE,UN,AGLMOTORES
2010114,"SENSORDEFIMDECURSOREEDDOBASCULANTE/PIVO1,5M",UNIDADE,UN,AGLMOTORES
101553,"SENSOREFEITOHALLAH3781-P-B0,30WHALLLATCHSWITCHSIP-3BULK(AH3781-P-B)",PC,UN,AGLELETRONICOS
101950,SENSORMAGNĂTICOTIPOHALLAH3722A-P-B(MODELOAH3722A-P-B),PC,UN,AGLELETRONICOS
100817,SENSORREEDSWITCH(MODELOFLEX-141315),PC,UN,AGLELETRONICOS
105002,SOLDA60X40=189L10(1/2),QUILOGRAMA,KG,"3,83"
2010123,SUPORTEBVUNIVERSAL,UNIDADE,UN,AGLMOTORES
801224,SUPORTEDABARREIRABRANCA-CANCELA,UNIDADE,UN,"2,00"
PĂĄgina,18,/,21,
,,,,
EmissĂŁoem:,,,,
EstoqueProdutos-LocaldeEstoque,02/09/202520:07:15,,,
LOCAL:,MOTORES,,,
,,,,
CĂłdigo,DescriĂ§ĂŁoProduto,Embalagem,UN,ReferĂȘncia
801223,SUPORTEDABARREIRACINZA-CANCELA,UNIDADE,UN,"43,00"
813282,SUPORTEDABUCHAMANCAL,UNIDADE,UN,"19,00"
813521,SUPORTEDABUCHAMANCALMODELONOVO(P/EIXO20MM),UNIDADE,UN,"1.880,00"
801273,SUPORTEDASBATERIASCANCELAAGUSTA-BRANCA,UNIDADE,UN,"2,00"
801272,SUPORTEDASBATERIASCANCELAAGUSTA-CINZA,UNIDADE,UN,"21,00"
801244,SUPORTEDASFONTESCANCELAAGUSTA-BRANCA,UNIDADE,UN,"3,00"
801242,SUPORTEDASFONTESCANCELAAGUSTA-CINZA,UNIDADE,UN,"108,00"
701194,SUPORTEDEFIXAĂĂOPARACONJUNTOTANQUINHO,UNIDADE,UN,"273,00"
813331,SUPORTEDEINSTALAĂĂODOIMĂDZ,UNIDADE,UN,"1.581,00"
813508,SUPORTEDOENCODERINDUSTRIAL/DZ300SEMTAMPA,UNIDADE,UN,"4.415,00"
813144,SUPORTEDOIMADEFIMDECURSODESLIZANTE,UNIDADE,UN,"3.524,00"
813490,SUPORTEDOMICROSWICHBVCADENA-ZINCADO,UNIDADE,UN,"212,00"
813267,SUPORTEENCODER,UNIDADE,UN,"823,00"
813051,SUPORTEFIMDECURSOBASCULANTE/DESLIZANTE,UNIDADE,UN,"50.840,82"
804483,SUPORTEFIMDECURSODESLIZANTE(LADODIREITO),UNIDADE,UN,"2.711,00"
804482,SUPORTEFIMDECURSODESLIZANTE(LADOESQUERDO),UNIDADE,UN,"7.362,00"
2010245,SUPORTEORELHADOBASCULANTECOMBUCHADEAPOIOESUPORTEDABUCHA,UNIDADE,UN,AGLMOTORES
813281,SUPORTEORELHADOBV/PIVĂ,UNIDADE,UN,"2.673,00"
813306,SUPORTEORELHADONEWBV,UNIDADE,UN,"2.333,67"
804096,SUPORTEROLDANAPEQUENA-PRETA,UNIDADE,UN,"1.727,00"
813517,SUPORTEUNIVERSALPORCADOFUSO,UNIDADE,UN,"907,00"
801232,TAMPAARTICULAĂĂOSECUNDĂRIAZINCADA-BARREIRAARTICULADACANCELA,UNIDADE,UN,"4,00"
2010059,TAMPABRANCAPARAMOTORAGLIZZYTRINO500SPEEDCOMVENEZIANA,UNIDADE,UN,AGLMOTORES
804461,TAMPACANCELA,UNIDADE,UN,"39,00"
804248,TAMPADACENTRALDESLIZANTE,UNIDADE,UN,"884,00"
804426,TAMPADACENTRALDESLIZANTEINVERTER,UNIDADE,UN,"684,00"
813179,TAMPADACENTRALDOBV,UNIDADE,UN,"503,00"
813256,TAMPADACENTRALNEWBV,UNIDADE,UN,"794,00"
813180,TAMPADACENTRALPIVODUPLO,UNIDADE,UN,"156,00"
804327,TAMPADEPROTEĂĂODACENTRALNEWPIVO,UNIDADE,UN,"109,19"
813033,TAMPADEPROTEĂĂODAVENTOINHA,UNIDADE,UN,"3.147,00"
804398,TAMPADOCILINDROEXTERNOULTRACARD/MAGICCARD-PRETA,UNIDADE,UN,"800,00"
813509,TAMPADOENCODERINDUSTRIAL/DZ300,UNIDADE,UN,"9.242,00"
804108,TAMPADOMODULODATRAVA,UNIDADE,UN,"33,00"
804431,TAMPADOMOTORINDUSTRIAL,UNIDADE,UN,"3,00"
813476,TAMPADOPERFILBVCADENA,UNIDADE,UN,"4,00"
PĂĄgina,19,/,21,
,,,,
EmissĂŁoem:,,,,
EstoqueProdutos-LocaldeEstoque,02/09/202520:07:15,,,
LOCAL:,MOTORES,,,
,,,,
CĂłdigo,DescriĂ§ĂŁoProduto,Embalagem,UN,ReferĂȘncia
813266,TAMPAENCODER,UNIDADE,UN,"1.096,00"
813487,TAMPAINFERIORBVCADENA-CINZA,UNIDADE,UN,"67,00"
813034,TAMPALISADOREDUTORDACARCAĂADOBASCULANTE,UNIDADE,UN,"1.160,00"
813203,TAMPAPROTEĂĂODOMOTOR-BRANCA,UNIDADE,UN,"22,00"
813036,TAMPAPROTEĂĂODOMOTOR-CINZA,UNIDADE,UN,"895,00"
813248,TAMPAPROTEĂĂODOMOTOR-GRAFITE,UNIDADE,UN,"513,00"
813024,TAMPAPROTEĂĂODOMOTOR-PRETA,UNIDADE,UN,"160,00"
813488,TAMPASUPERIORBVCADENA-CINZA,UNIDADE,UN,"71,00"
813409,TAMPĂODAENGRENAGEMEXTERNAMOTORESDZ,UNIDADE,UN,"6.691,00"
804207,TAMPĂODOSENSORHALL/IMĂLINHAULTRA-PRETO,UNIDADE,UN,"1.596,00"
813274,TAMPĂOGABINETECANCELA,UNIDADE,UN,"10.185,00"
411039,TARUGOPECINZA10MM,METRO,MT,"10.197,80"
102555,TECLADOEMBORRACHAPARACONTROLEREMOTO-RUBBERKEY4KEYSBLACK,UNIDADE,UN,AGLELETRONICOS
102565,TECLADOEMBORRACHAPARACONTROLEREMOTO-RUBBERKEY4KEYSWHITE,UNIDADE,UN,AGLELETRONICOS
103549,"TERMINALFASTONFEMEAISOLADO0,5-1,5MM",UNIDADE,UN,AGLELETRONICOS
103869,TERMINALFASTONTFF6911,UNIDADE,UN,AGLELETRONICOS
811818,TERMODEGARANTIAESPANHOL,UNIDADE,UN,"1.476,00"
804458,TRAVADEAPOIODABARREIRACANCELAAGUSTA,UNIDADE,UN,"190,00"
813325,TRAVAMAIORSUPORTEFX.DZHORIZONTAL-ZINCADO,UNIDADE,UN,"2,00"
813319,TRAVAMAIORSUPORTEFXPIVO-ZINCADO,UNIDADE,UN,"506,00"
813320,TRAVAMENORSUPORTEFXPIVO-ZINCADO,UNIDADE,UN,"356,00"
813324,TRAVASDEARTICULAĂĂOFIX.DZHORIZONTAL-ZINCADO,UNIDADE,UN,"4,00"
813458,"TUBODEINOXCORTADOPARAPIVO0,50M",UNIDADE,UN,"191,00"
813459,"TUBODEINOXCORTADOPARAPIVO0,75M",UNIDADE,UN,"450,00"
813460,"TUBODEINOXCORTADOPARAPIVO1,0M",UNIDADE,UN,"160,00"
813461,"TUBODEINOXCORTADOPARAPIVO1,5M",UNIDADE,UN,"78,00"
801233,"TUBOĂ20,5MMZINCADO-BARREIRAARTICULADACANCELA",UNIDADE,UN,"14,00"
801230,TUBOROTATIVOLISOĂ12MMZINCADO-BARREIRAARTICULADACANCELA,UNIDADE,UN,"20,00"
801247,TUBOROTATIVORASGOĂ12MMZINCADO-BARREIRAARTICULADACANCELA,UNIDADE,UN,"20,00"
402021,"TUBOTERMOCONTRATIL2,5/1,3mmPRETO",METRO,MT,"200,00"
411048,"TUBO304A554C/C25,40X1,20MMPOLIDO",METRO,UN,"1.581,01"
205015,"TUBO304A554C/C25,40X3,00MMPOLIDO",METRO,MT,AGLMOTORES
813039,VENEZIANADOSMOTORES,UNIDADE,UN,"2.359,00"
813025,VENTOINHADOSMOTORES,UNIDADE,UN,"1.577,00"
TOTALLOCALDEESTOQUE:,MOTORES,"3.194.532,83","455.949,02","403.449,93"
,,,,
PĂĄgina,20,/,21,
,,,,
EmissĂŁoem:,,,,
EstoqueProdutos-LocaldeEstoque,02/09/202520:07:16,,,
,,,,
TOTALGERAL,"3.194.532,83","455.949,02","403.449,93",
,,,,
PĂĄgina,21,/,21,
